Zipcode,Status,AverageHouseValue,NamePlate,Income
66501.0,3,61500,3.5,50208
90001.0,24,241800,77.4325,34050
90002.0,46,218800,3.05260869565,30214
90008.0,10,443800,5.41,36180
90022.0,220,296300,8.67370909091,39051
90023.0,24,294900,3.040625,37082
90025.0,8,680300,1487.955,71278
90038.0,10,548900,4.69,33850
90040.0,24,323000,69.657,44531
90043.0,84,358800,4.20533333333,38738
90044.0,3,270400,5.52,28344
90046.0,15,860100,3.0986,56337
90047.0,18,295700,127.893333333,40528
90048.0,30,980800,5.75833333333,72913
90049.0,2,1000000,18.33,116732
90056.0,208,749500,6.46655769231,76688
90059.0,129,224100,3.41606976744,33678
90061.0,27,253800,68.74,34566
90063.0,62,280400,4.205,39206
90066.0,33,741500,3.93954545455,68346
90069.0,18,694800,5.27666666667,78607
90073.0,5,0,404.58,0
90201.0,36,276300,134.604166667,37013
90209.0,2,0,11.9,0
90210.0,59,1000000,17.6755423729,138750
90211.0,15,1000000,14.9473333333,69942
90212.0,26,1000000,5.42,84516
90213.0,1,0,10.5,0
90220.0,60,221100,41.9933333333,45474
90221.0,45,239500,18.7674666667,42753
90222.0,26,229700,13.9591538462,40056
90230.0,172,557100,9.27156976744,73786
90232.0,77,728600,8.39733766234,71316
90233.0,1,0,4.56,0
90240.0,62,441700,7.75887096774,71939
90241.0,47,432000,16.9631702128,56059
90242.0,38,380900,34.7679736842,57095
90245.0,79,762000,20.3094556962,84004
90247.0,22,331300,5.19209090909,42968
90248.0,6,353900,21.2915,51956
90249.0,15,359900,18.0822666667,50996
90250.0,165,400200,35.8865636364,45766
90254.0,76,1000000,5.74581578947,105029
90255.0,30,287700,65.5138,35985
90260.0,13,388700,4.48092307692,51769
90262.0,30,278400,3.021,42057
90263.0,12,0,10.075,0
90264.0,1,0,8.36,0
90265.0,174,1000000,9.91609655172,124814
90266.0,566,1000000,8.90506007067,142071
90270.0,4,284100,149.64,36450
90274.0,1134,1000000,7.39271604938,156250
90275.0,2432,952900,6.91311842105,120742
90277.0,93,838800,6.35922580645,99398
90278.0,70,682700,6.11404285714,104934
90280.0,26,297200,89.1709230769,43526
90290.0,89,926500,7.44139325843,106750
90292.0,3,728700,580.32,103319
90301.0,13,280400,16.2243076923,37813
90302.0,9,315200,4.855,41187
90303.0,16,331900,46.2115625,40807
90304.0,10,312100,25.033,36778
90305.0,12,355300,5.96833333333,62558
90401.0,16,680400,23.2905,60802
90402.0,103,1000000,6.22946601942,131607
90403.0,49,947500,10.1802244898,72366
90404.0,38,664800,7.93936842105,65035
90405.0,104,1000000,10.6096923077,78756
90406.0,1,0,4.05,0
90501.0,51,523400,34.7231764706,59878
90502.0,11,349700,14.9690909091,62533
90503.0,58,635800,5.80331034483,77047
90504.0,51,525400,3.93774509804,75180
90505.0,69,694200,7.08704347826,82313
90601.0,260,418600,8.79735384615,70841
90602.0,20,416300,5.3464,47622
90603.0,73,434700,5.09578082192,87251
90604.0,60,369800,4.75805,65640
90605.0,55,363800,5.20883636364,66706
90606.0,20,334400,5.0145,63833
90620.0,117,402300,9.70560683761,80278
90621.0,52,397200,12.6775769231,56219
90623.0,162,581200,6.67286419753,83767
90630.0,216,498300,5.72258796296,84051
90631.0,740,420400,13.9123513514,66553
90637.0,1,0,2.09,0
90638.0,336,410500,25.3634464286,79858
90640.0,31,384400,20.9107419355,47436
90650.0,54,320900,4.43548148148,60523
90660.0,22,328400,83.0838181818,56607
90670.0,24,349000,50.8483333333,51935
90680.0,20,296400,5.4465,47796
90701.0,34,401000,8.11252941176,60544
90703.0,324,595400,9.95561728395,90613
90704.0,27,724700,3.01666666667,55882
90706.0,50,341700,22.68654,49360
90710.0,15,392100,5.17646666667,54630
90711.0,1,0,4.224,0
90712.0,67,413000,24.2090447761,78175
90713.0,77,437500,8.1942987013,87095
90715.0,24,354400,4.15725,64701
90716.0,9,246800,1.58333333333,39055
90717.0,43,460500,4.715,56245
90720.0,543,757500,8.45751657459,95631
90723.0,10,253900,64.878,43784
90731.0,4,445500,4.73,49786
90740.0,105,296500,6.78767619048,53677
90742.0,2,1000000,5.405,88971
90743.0,3,1000000,3.21333333333,106458
90745.0,56,328300,24.5593928571,71757
90746.0,38,365100,15.1274736842,75031
90755.0,45,375200,6.52866666667,67878
90801.0,1,0,2.66,0
90802.0,14,280800,28.7844285714,44984
90803.0,327,693400,5.15693577982,72025
90804.0,52,369500,3.60276923077,44629
90805.0,153,287900,8.23574509804,45197
90806.0,27,358000,3.86755555556,43785
90807.0,375,487400,4.607088,72276
90808.0,210,508600,9.82204285714,96824
90810.0,72,306700,38.8805555556,49087
90813.0,19,300800,26.3044736842,31215
90814.0,58,597100,4.28782758621,55111
90815.0,202,511700,4.85682673267,79525
90822.0,2,0,178.64,0
91001.0,173,562100,5.22967630058,85655
91006.0,203,761200,7.506591133,84021
91007.0,106,770700,7.03796226415,72255
91008.0,24,972200,19.90125,98315
91010.0,162,356100,15.9392962963,60118
91011.0,840,1000000,6.59831904762,152210
91016.0,89,513000,8.30417977528,72168
91020.0,8,537100,4.003,67652
91024.0,71,804600,5.3208028169,90780
91030.0,202,832200,5.81001980198,80479
91101.0,3,437800,3.26333333333,58365
91104.0,17,597500,3.86182352941,70811
91107.0,58,651900,6.09901724138,84761
91108.0,176,1000000,6.30623863636,120152
91109.0,1,0,36.96,0
91214.0,202,596800,11.5151386139,89849
91301.0,2295,679200,8.35241176471,109913
91302.0,920,988200,8.61747826087,121715
91304.0,9,442900,6.09666666667,58361
91307.0,126,513400,7.81047619048,98655
91310.0,26,0,5.76446153846,0
91311.0,24,448800,9.25654166667,80279
91319.0,12,0,13.345,0
91320.0,903,586500,7.03392026578,106365
91321.0,432,343400,7.23117361111,57654
91326.0,2,612600,5.04,98831
91340.0,24,299000,62.3472083333,55217
91342.0,32,328200,5.913625,60899
91350.0,2527,383800,16.3375955679,97921
91351.0,432,317400,13.3885763889,70858
91354.0,450,455600,7.87807555556,111098
91355.0,302,426000,29.3489139073,89596
91360.0,277,557200,8.56423465704,91617
91361.0,750,769400,9.12437333333,103306
91362.0,813,644400,8.66733948339,100747
91364.0,24,651700,6.895,93919
91377.0,200,649100,6.53666,117326
91381.0,1315,574700,12.2914068441,114608
91384.0,885,394700,5.93333220339,102273
91387.0,1344,370400,7.5827797619,82076
91390.0,3144,463400,6.61621374046,105659
91608.0,4,0,126.0,0
91701.0,777,367700,6.12695366795,76994
91702.0,18,308200,4.88555555556,54769
91706.0,74,293700,77.0541081081,51234
91708.0,16,383800,117.9124375,118750
91709.0,355,489700,7.04358873239,97609
91710.0,750,338500,14.274936,71825
91711.0,308,537300,7.44958116883,89508
91714.0,2,0,2.25,0
91722.0,51,339900,16.1438823529,63740
91723.0,25,368200,23.0268,60532
91724.0,228,423000,5.28453508772,75420
91729.0,6,0,584.62,0
91730.0,303,289900,15.3457623762,61952
91731.0,22,351500,51.0725909091,36955
91732.0,90,347400,5.23526666667,41485
91733.0,54,338900,13.7543333333,40930
91737.0,672,439300,6.94827232143,98407
91739.0,966,454600,6.22022049689,100049
91740.0,85,373600,21.2387529412,67048
91741.0,143,569200,5.76163636364,81250
91744.0,138,294000,13.8996222222,57789
91745.0,920,467800,12.5135380435,76447
91746.0,72,307900,14.9638888889,59502
91748.0,696,478000,8.9556637931,60896
91750.0,201,449700,7.98600995025,76912
91752.0,612,300100,24.8318104575,62372
91754.0,44,498000,18.75625,56767
91755.0,28,471600,4.46428571429,52517
91759.0,1,322000,1.41,46250
91761.0,86,274200,44.0567325581,61270
91762.0,106,252600,7.98279245283,50707
91763.0,30,255000,24.9895,49056
91764.0,35,232500,54.1534857143,51060
91765.0,330,539000,8.4350969697,90966
91766.0,213,263900,10.3081126761,48896
91767.0,45,262300,10.5163555556,49206
91768.0,41,262600,36.9282926829,47177
91769.0,1,0,7.488,0
91770.0,58,424700,14.5402758621,47078
91773.0,121,432700,16.292446281,78501
91775.0,70,644400,9.38864285714,84620
91776.0,36,510900,7.15425,48302
91780.0,74,586600,10.0208378378,63045
91784.0,217,486100,8.34732718894,95975
91786.0,81,334300,13.5918765432,51105
91788.0,1,0,2.88,0
91789.0,868,608400,11.5258294931,93509
91790.0,52,369300,5.66511538462,66057
91791.0,100,446300,6.11444,70841
91792.0,22,362500,5.57486363636,66848
91801.0,46,471600,5.49330434783,51225
91803.0,19,500800,16.1707368421,56632
91901.0,259,471800,8.70038223938,81379
91902.0,144,517700,5.88563194444,88926
91903.0,1,0,5.88,0
91905.0,10,276000,12.708,63722
91906.0,13,179700,53.7303076923,58353
91909.0,7,0,3.48,0
91910.0,155,348300,12.7576451613,54640
91911.0,101,300100,29.7416138614,48891
91913.0,84,400300,27.5488333333,84741
91914.0,73,473300,6.61719178082,110343
91915.0,49,375900,37.4505408163,99606
91916.0,17,259400,7.06076470588,61296
91917.0,5,182100,6.8936,66932
91931.0,1,13900,6.9,24032
91932.0,134,342600,11.0387462687,48117
91934.0,1,146100,9.6,45625
91935.0,161,504300,8.29467080745,93092
91941.0,288,497700,7.84227083333,71661
91942.0,90,357600,17.9393555556,52354
91944.0,1,0,6.58,0
91945.0,81,295100,4.43219753086,52376
91948.0,1,0,1.44,0
91950.0,86,274900,20.5396511628,39533
91962.0,8,347200,5.1845,100398
91963.0,5,130600,7.0288,39622
91977.0,177,306700,4.82782485876,60124
91978.0,36,345400,4.64627777778,66483
91980.0,1,0,24.84,200325
92003.0,60,557900,15.7728,69205
92004.0,108,186900,5.57177777778,36500
92007.0,112,804700,4.91448214286,93889
92008.0,116,609900,6.97725,66000
92009.0,846,664300,9.93026595745,102212
92010.0,54,506700,5.88674074074,95806
92011.0,333,672800,5.84306306306,102030
92014.0,131,1000000,6.10139694656,114777
92019.0,286,414100,7.44244055944,74797
92020.0,220,404900,9.93263636364,49851
92021.0,891,300900,8.2152962963,50035
92023.0,8,0,7.436,0
92024.0,954,708800,6.2500754717,92402
92025.0,276,407100,12.0609202899,45433
92026.0,542,367700,6.6975904059,53820
92027.0,245,320200,12.1066285714,53473
92028.0,954,427500,11.9077274633,57223
92029.0,546,480200,9.22067399267,68108
92036.0,33,293600,5.69166666667,51667
92037.0,245,1000000,15.5737142857,95306
92040.0,294,340100,6.03368707483,64787
92049.0,5,0,4.9192,0
92054.0,207,406400,11.5888115942,50568
92055.0,40,0,147.013,48147
92056.0,128,355700,12.347796875,63728
92057.0,175,346900,8.19830857143,64976
92058.0,23,278900,63.7713478261,46655
92059.0,20,302200,6.8082,66417
92061.0,46,330200,18.663826087,68333
92064.0,673,502200,10.1804710253,96297
92065.0,525,385200,8.17709904762,77361
92066.0,9,420000,3.86666666667,43295
92067.0,206,1000000,13.549631068,119939
92069.0,278,376800,20.7859640288,52457
92070.0,9,358600,7.21055555556,43333
92071.0,280,336300,13.2733678571,74393
92075.0,99,963500,5.45302020202,90833
92078.0,528,384600,6.53256818182,55530
92081.0,99,392000,10.3046161616,54565
92082.0,313,442800,15.8226932907,79348
92083.0,58,295500,8.86231034483,46073
92084.0,264,394700,6.83940909091,50401
92086.0,18,147600,7.00755555556,33375
92091.0,14,956200,12.0202857143,94318
92101.0,71,435900,24.9055285714,52314
92102.0,55,291300,16.9602909091,41575
92103.0,127,561400,7.37577952756,65793
92104.0,117,461900,5.21704273504,48733
92105.0,185,274200,7.88045405405,36893
92106.0,111,838100,15.7517657658,81973
92107.0,164,666700,4.77987804878,66825
92108.0,27,282400,73.3359259259,65297
92109.0,446,685300,4.10950224215,67025
92110.0,78,484600,41.0369615385,60920
92111.0,125,395500,23.736576,55635
92112.0,3,0,55.6266666667,0
92113.0,44,241100,36.6813953488,28185
92114.0,135,282600,5.22819259259,57287
92115.0,147,366300,8.07291836735,42828
92116.0,117,471100,7.08996581197,54966
92117.0,268,461900,5.19018656716,65319
92118.0,196,1000000,6.13128571429,90876
92119.0,127,433900,6.37228346457,70261
92120.0,245,465700,11.4504489796,79895
92121.0,44,592400,22.1380909091,103598
92122.0,138,593600,8.21584057971,71307
92123.0,116,406800,22.3200517241,71911
92124.0,140,527200,5.88037857143,80625
92126.0,170,398600,10.9887205882,85707
92127.0,238,637300,11.1338487395,123459
92128.0,468,513800,5.5463974359,90298
92129.0,364,583500,5.06678571429,109267
92130.0,320,845600,9.365909375,131166
92131.0,340,638000,8.66879705882,119924
92132.0,2,0,205.92,0
92139.0,26,281500,3.91588461538,59679
92140.0,6,0,385.766666667,0
92145.0,6,1000000,149.67,228587
92154.0,94,277200,55.5192021277,60162
92173.0,26,260100,55.8724615385,35745
92177.0,1,0,2.475,0
92182.0,10,0,164.254,0
92199.0,1,0,2.3,0
92210.0,282,613400,9.92706428571,83269
92211.0,263,341000,9.55731558935,57557
92220.0,27,163800,6.48551851852,39917
92223.0,470,211200,9.92888085106,64738
92225.0,312,121800,119.504365385,43638
92230.0,5,72100,5.219,40079
92234.0,752,180100,13.0195026596,43170
92240.0,378,121000,5.81657142857,35315
92241.0,48,57200,5.45333333333,34896
92252.0,75,118300,8.70578666667,39409
92256.0,34,113500,8.06023529412,32045
92260.0,317,283400,11.3791671924,50309
92261.0,3,0,171.333333333,0
92262.0,1504,279100,10.8236569149,46519
92263.0,1,0,1.53,0
92264.0,245,242000,8.69429387755,43703
92266.0,6,0,6.50166666667,31296
92268.0,10,217500,4.952,41964
92270.0,450,508900,10.5010866667,71688
92277.0,327,119500,6.59575229358,37316
92282.0,16,102800,6.52825,34063
92284.0,142,130000,6.29528873239,42517
92285.0,24,65400,5.415,29362
92301.0,48,94600,60.3839583333,34537
92305.0,2,266700,2.8,62109
92307.0,353,175800,14.053611898,57124
92308.0,530,160100,12.4685132075,43345
92310.0,12,0,28.8583333333,49928
92311.0,204,99100,34.9752941176,45889
92312.0,1,0,13.92,0
92313.0,49,236500,5.4487755102,64140
92314.0,1,223600,3.0,46518
92316.0,70,176100,8.30342857143,48788
92317.0,1,0,5.6,0
92318.0,1,0,12.74,0
92320.0,37,160000,5.89264864865,42212
92324.0,50,162800,7.14344,41278
92325.0,6,179500,4.755,47394
92327.0,1,52600,2.76,35603
92328.0,20,26300,270.952,34750
92331.0,2,0,6.48,0
92332.0,2,0,5.52,0
92334.0,1,0,63.8,0
92335.0,44,184600,59.8919090909,43092
92336.0,331,292800,7.09368277946,87425
92337.0,63,235500,24.1203333333,69966
92338.0,3,0,4.41,0
92340.0,4,0,4.11,0
92341.0,4,192100,3.9525,14848
92342.0,122,191400,4.87516393443,66775
92344.0,150,214300,8.31334666667,69171
92345.0,249,145600,13.0434779116,42323
92346.0,306,237300,7.56587581699,59995
92347.0,4,112500,4.615,69702
92350.0,2,0,7.48,0
92352.0,22,319500,5.39590909091,72479
92354.0,234,276300,6.34947863248,63871
92356.0,36,101800,8.55361111111,33582
92357.0,2,0,308.88,0
92358.0,1,172100,7.05,71000
92359.0,56,215900,6.60828571429,53807
92363.0,4,103200,4.56,32710
92364.0,2,0,20.475,102500
92365.0,26,166400,5.41669230769,55169
92368.0,1,84700,4.1,33125
92369.0,1,0,1128.6,0
92371.0,71,134400,27.0771971831,50744
92372.0,27,149300,10.9512962963,43036
92373.0,957,368500,8.52793730408,63948
92374.0,196,247700,11.3025561224,66590
92376.0,66,164600,31.4667121212,44965
92377.0,52,248200,5.29226923077,80130
92382.0,16,210800,4.1325,66875
92384.0,1,0,19.36,80729
92389.0,2,68800,8.502,12000
92391.0,1,214200,15.6,37150
92392.0,147,142700,9.99553061224,56277
92394.0,100,137100,11.459,51500
92395.0,213,136800,15.7621549296,38709
92397.0,5,257500,5.623,54000
92398.0,4,109100,6.85875,63750
92399.0,946,225100,6.7927589852,59302
92401.0,16,73800,109.090125,16649
92404.0,324,160300,5.93932407407,38767
92405.0,52,133300,10.5216923077,37591
92407.0,1143,192400,13.8654645669,51702
92408.0,46,169200,194.210695652,33750
92410.0,36,83100,50.7955833333,27120
92411.0,20,113800,8.099375,32747
92501.0,7,188300,4.88,48610
92503.0,280,231000,12.58175,55051
92504.0,414,226900,7.26921014493,57052
92506.0,22,321400,5.81504545455,78116
92507.0,54,230500,5.97433333333,41051
92508.0,79,337100,6.74578481013,92684
92509.0,744,213100,13.800891129,57286
92518.0,9,219400,744.238666667,68261
92530.0,378,185900,6.20633862434,49552
92532.0,238,246900,8.46272268908,87361
92536.0,22,160600,17.2183636364,44010
92543.0,118,78500,15.0621525424,27163
92544.0,574,141100,8.34678745645,42084
92545.0,234,145900,42.024957265,40119
92546.0,1,0,2.376,0
92548.0,26,88700,6.97119230769,39464
92549.0,10,254800,6.206,60625
92551.0,43,170400,58.2191162791,50449
92553.0,46,157400,10.3952826087,42984
92554.0,1,0,3.04,0
92555.0,264,237000,6.04279545455,73352
92557.0,152,203800,6.338875,60655
92561.0,6,292200,4.1625,78630
92562.0,1382,302900,12.7002807525,75448
92563.0,852,283900,8.38791314554,77105
92567.0,104,213000,5.98511538462,55069
92570.0,342,169500,9.86402339181,42698
92571.0,51,167700,5.33154901961,51116
92581.0,5,0,7.549,0
92582.0,76,157700,5.69855263158,58262
92583.0,294,123000,11.5595204082,39528
92584.0,654,257500,7.10402446483,75928
92585.0,357,198900,5.82339495798,63413
92586.0,168,137800,5.09716666667,36394
92587.0,714,270200,7.43939495798,68620
92589.0,18,0,6.52666666667,0
92590.0,132,758900,26.500530303,49423
92591.0,404,304700,18.369029703,70380
92592.0,1290,333200,7.69062790698,89541
92595.0,216,230200,6.14824074074,61525
92596.0,450,278700,10.8541066667,85914
92602.0,52,703100,7.33467307692,104149
92603.0,75,1000000,14.0259333333,120686
92604.0,69,596500,21.1038695652,91180
92605.0,26,0,4.16446153846,0
92606.0,56,662700,11.6447857143,90228
92607.0,6,0,150.525,0
92609.0,4,0,6.192,0
92610.0,240,601800,12.2202666667,120984
92612.0,26,584800,25.5336923077,67039
92614.0,33,610600,31.3833636364,95984
92617.0,26,397300,11.2263461538,41536
92618.0,43,552100,125.452209302,97470
92620.0,125,733800,16.345224,102160
92624.0,48,680700,4.043375,71469
92625.0,118,1000000,7.47138983051,125735
92626.0,162,606400,8.52485185185,80132
92627.0,80,557000,6.9301,57708
92629.0,132,719500,5.50845454545,88384
92630.0,532,487500,5.19920112782,84785
92637.0,54,200800,5.30959259259,36737
92646.0,816,594100,6.82436764706,87110
92647.0,354,603900,7.09126553672,74637
92648.0,309,759300,27.0921747573,85857
92649.0,268,634100,4.88294776119,86469
92650.0,2,0,1.584,0
92651.0,135,1000000,5.57307407407,98697
92652.0,2,0,3.4,0
92653.0,712,592400,6.16942696629,92806
92655.0,8,378900,7.161875,45568
92656.0,312,467700,7.17388461538,101292
92657.0,60,1000000,6.08036666667,163486
92660.0,100,1000000,9.99201,112008
92661.0,8,1000000,8.4775,93099
92662.0,21,1000000,6.51642857143,82857
92663.0,34,1000000,6.46752941176,86967
92672.0,75,721800,5.85757333333,75411
92673.0,128,731400,11.19325,125629
92675.0,318,497500,5.55531132075,72465
92676.0,33,433100,6.50872727273,84750
92677.0,422,668900,14.6518862559,98264
92678.0,6,548900,8.69333333333,84250
92679.0,2464,739400,5.93886688312,149538
92683.0,176,455200,11.2848977273,53559
92688.0,660,491400,6.51416969697,100694
92691.0,963,545800,6.01070716511,93713
92692.0,555,578700,5.14654054054,102045
92694.0,390,646800,8.0795,137122
92697.0,3,0,893.1,0
92701.0,22,313000,5.489,39060
92703.0,32,302400,11.1,50047
92704.0,111,343400,29.6668378378,59412
92705.0,1062,723900,13.1186355932,82675
92706.0,98,439100,4.91548979592,58500
92707.0,58,318400,50.9163103448,57038
92708.0,675,604800,6.33288888889,82005
92780.0,122,462100,10.8496967213,64089
92782.0,64,652000,19.83784375,102755
92801.0,1,343700,1.8,47672
92804.0,28,367000,4.59328571429,52408
92807.0,4,561800,3.9775,94697
92821.0,169,516000,18.8702721893,80163
92823.0,18,662900,22.4894444444,124712
92831.0,88,481300,22.9352272727,57333
92832.0,52,417100,5.80961538462,58853
92833.0,87,467100,4.86126436782,67019
92835.0,169,640500,7.51773964497,92397
92840.0,84,378400,4.5663452381,61934
92841.0,51,396700,11.0995686275,53059
92843.0,24,374000,28.4668333333,52536
92844.0,23,383700,5.44608695652,48345
92845.0,64,481200,4.53021875,89026
92856.0,11,0,4.54336363636,0
92860.0,246,395000,6.06222357724,85361
92861.0,252,934200,7.29312698413,150864
92862.0,1,0,4.16,0
92865.0,87,455300,13.9758045977,85251
92866.0,28,553500,6.54817857143,62589
92867.0,468,587600,7.07211111111,78072
92868.0,27,350400,28.4551851852,63610
92869.0,242,558500,5.80688016529,88160
92870.0,261,512300,5.09256321839,80037
92877.0,7,0,5.98785714286,0
92879.0,96,268200,17.0109166667,62677
92880.0,700,390300,9.14163714286,101303
92881.0,280,376100,8.85959642857,94196
92882.0,230,337600,5.57195652174,71793
92883.0,729,343700,5.60703703704,93917
92885.0,9,0,6.85633333333,0
92886.0,379,672800,6.61418997361,110054
92887.0,168,696200,8.73581547619,126984
93001.0,288,418500,5.36186111111,54945
93003.0,282,431900,12.3450496454,69616
93004.0,255,411800,8.50008235294,76027
93006.0,1,0,6.075,0
93010.0,247,474400,5.75748987854,86505
93012.0,612,482300,14.8514607843,93523
93013.0,58,603200,7.37622413793,68884
93015.0,37,306600,9.20032432432,56567
93020.0,2,0,3.25,0
93021.0,182,536900,13.8099285714,99537
93022.0,35,393400,5.93177142857,73433
93023.0,424,524500,7.76046698113,64843
93030.0,149,353200,29.4833020134,57860
93033.0,23,272400,46.6534782609,55210
93035.0,29,395500,3.83989655172,83038
93036.0,41,359100,44.2136585366,65701
93040.0,60,205500,2.86583333333,45877
93041.0,36,286800,4.309,52371
93043.0,10,0,45.925,0
93060.0,39,316500,68.0318461538,54782
93062.0,5,0,4.76,0
93063.0,660,428900,6.16426060606,83974
93064.0,3,0,98.01,0
93065.0,461,450500,8.84996529284,94173
93066.0,26,862600,7.12988461538,75380
93067.0,1,859400,6.24,75862
93101.0,54,710100,11.8353148148,54945
93103.0,61,812600,6.06855737705,67383
93105.0,152,882300,5.61651315789,81308
93106.0,16,0,41.185,0
93108.0,334,1000000,6.05320359281,125272
93109.0,71,911600,7.65447887324,99638
93110.0,210,707100,19.8922095238,75915
93111.0,224,740300,7.46866964286,94933
93117.0,644,631000,12.8571055901,55801
93202.0,9,107500,6.76722222222,38733
93203.0,60,101000,12.1207,35429
93204.0,9,115100,7.26266666667,29302
93205.0,8,118500,4.69925,20349
93206.0,2,158800,7.1475,41488
93207.0,2,141700,16.56,34750
93208.0,2,118800,11.28,88750
93210.0,26,155800,50.4010769231,50290
93212.0,21,115100,8.42085714286,34565
93215.0,48,145500,179.235854167,36321
93218.0,4,96700,226.41,24118
93219.0,8,115700,148.36,23458
93220.0,2,0,260.05,0
93221.0,141,187600,11.0792269504,48470
93222.0,9,162200,5.17,45551
93223.0,13,105500,18.4392307692,32273
93225.0,15,209800,4.5112,44111
93226.0,4,229200,8.835,58854
93227.0,48,0,3.64229166667,0
93230.0,354,173600,27.598799435,53008
93234.0,8,118800,219.19875,29304
93235.0,2,109000,7.02,32783
93238.0,10,230000,6.257,58012
93239.0,4,78800,56.43,61319
93240.0,44,123000,5.36695454545,26054
93241.0,4,83700,439.075,31886
93242.0,18,173500,8.1365,40109
93243.0,3,170200,1795.5,60724
93244.0,12,228900,6.60466666667,36406
93245.0,414,197200,19.2569178744,51280
93247.0,282,143700,6.01504255319,34505
93249.0,2,107500,7.12,33011
93250.0,10,119800,107.9868,34961
93252.0,1,64000,5.76,31771
93254.0,2,103900,8.4,32750
93255.0,4,87800,6.205,29030
93256.0,8,118900,7.681875,27361
93257.0,927,147800,20.4284919094,39551
93261.0,1,112200,7.56,29005
93262.0,2,0,21.42,0
93263.0,87,139600,52.9474942529,40833
93265.0,48,279400,7.923,60587
93266.0,7,103800,30.1935714286,24122
93267.0,28,147800,68.1761785714,33162
93268.0,50,124800,22.72322,46615
93270.0,25,159100,85.4768,27807
93271.0,31,276300,5.39383870968,43913
93272.0,5,121800,9.79,34505
93274.0,309,159900,14.3916828479,45591
93276.0,2,67000,53.97,45313
93277.0,247,169100,11.6988016194,51056
93280.0,40,123100,90.15765,39206
93282.0,4,0,7.782,0
93283.0,11,89500,4.59772727273,29848
93285.0,24,168100,8.56208333333,31144
93286.0,80,138200,5.92055,41579
93290.0,1,0,7.26,0
93291.0,337,211300,11.9955905045,50833
93292.0,227,169400,13.5954889868,51341
93301.0,31,111000,21.5785806452,30963
93304.0,66,98700,15.576530303,35150
93305.0,42,106300,31.510547619,29812
93306.0,290,149800,8.17884137931,52203
93307.0,101,107000,58.7298217822,34358
93308.0,297,167800,16.9536936027,41737
93309.0,235,158100,6.64005106383,47369
93311.0,408,242300,10.3563946078,87720
93312.0,800,240600,7.00357375,93588
93313.0,639,173700,19.3800610329,64803
93314.0,595,294000,7.59297142857,96446
93401.0,486,555900,14.5383045267,52906
93402.0,368,376000,6.52626086957,57241
93403.0,2,0,86.24,0
93405.0,268,566300,10.018858209,41488
93420.0,564,520800,6.71059219858,66506
93422.0,166,387400,5.88342771084,66014
93423.0,1,0,4.5,0
93424.0,3,578200,4.95833333333,77679
93426.0,64,368600,13.23125,57014
93427.0,10,436100,8.9457,62969
93428.0,21,628700,4.3730952381,63514
93430.0,22,643400,5.23909090909,52329
93432.0,23,379000,7.83282608696,53571
93433.0,21,387400,4.44661904762,49418
93434.0,16,195900,13.46625,45191
93435.0,2,0,6.93,0
93436.0,82,248500,6.505,54980
93440.0,16,364200,4.762875,63112
93441.0,19,825300,5.68405263158,95625
93442.0,42,471500,13.480547619,52579
93444.0,157,391500,4.77515923567,61379
93445.0,13,251700,2.655,50000
93446.0,1848,361900,22.0252045455,64974
93447.0,2,0,6.615,0
93449.0,44,585200,4.87477272727,67500
93451.0,174,272600,25.7946551724,54205
93453.0,60,341900,5.36233333333,51520
93454.0,196,269500,43.9332244898,52564
93455.0,134,325800,13.9388208955,72212
93458.0,10,217600,66.8845,43803
93460.0,92,746800,8.8504673913,91737
93461.0,18,174300,9.14333333333,59738
93463.0,94,746600,6.72127659574,66771
93464.0,2,0,6.71,0
93465.0,137,472900,6.30518248175,83194
93501.0,28,67000,71.5903571429,32897
93504.0,2,0,7.5,0
93505.0,158,90600,15.7271772152,57731
93510.0,122,416500,7.2528852459,89403
93512.0,4,220000,5.25,26000
93513.0,1,212200,7.59,47833
93514.0,891,277100,10.7911515152,51250
93516.0,28,59300,56.1957142857,30708
93517.0,4,163600,7.90625,60139
93518.0,24,171200,3.679125,28005
93523.0,40,49000,434.6725,53456
93527.0,54,158600,6.17640740741,52123
93531.0,8,228100,6.582375,66983
93532.0,70,196700,17.1544,54769
93534.0,636,128000,62.4926226415,35600
93535.0,1380,120300,53.1145478261,42835
93536.0,3654,215100,20.1816436782,70724
93541.0,15,311400,10.2124,53750
93543.0,117,152000,30.0998974359,57588
93544.0,14,164300,109.877142857,52000
93546.0,100,471800,45.873,65156
93550.0,327,141000,52.3951009174,38502
93551.0,1784,247200,15.6702757848,85200
93552.0,97,161000,45.7054845361,56738
93553.0,24,174400,5.79375,48063
93555.0,690,177000,9.32642173913,62533
93560.0,620,125500,10.951916129,56875
93561.0,1100,211400,32.0501636364,60513
93562.0,20,39900,6.0456,30478
93591.0,33,88900,5.39954545455,39880
93601.0,42,283800,6.83433333333,61466
93602.0,68,220400,7.16267647059,59125
93603.0,6,424700,8.245,51250
93607.0,2,0,1.4,0
93609.0,29,215900,112.149517241,43322
93610.0,189,150900,39.862031746,39051
93611.0,674,255300,7.00852151335,77930
93612.0,128,147200,13.8468125,37207
93614.0,124,213500,6.34917741935,50858
93615.0,4,131300,240.08375,25327
93616.0,8,200000,7.8145,31250
93618.0,138,150100,41.2433333333,38269
93619.0,774,362100,7.9156505168,104557
93620.0,11,113700,20.5627272727,34869
93621.0,1,380000,3.36,31544
93622.0,34,107500,34.6988823529,32125
93624.0,3,98300,10.0016666667,33600
93625.0,42,232900,25.3973809524,42250
93626.0,19,369700,9.34305263158,26958
93630.0,57,182000,25.9545964912,42303
93631.0,125,233200,41.10268,58381
93635.0,67,152600,40.8915522388,45056
93636.0,203,259200,11.110453202,75160
93637.0,254,161700,34.5643700787,49121
93638.0,132,136800,11.4257121212,36890
93640.0,8,106600,18.386875,25741
93641.0,4,87500,4.45,42222
93643.0,17,264000,6.78576470588,48617
93644.0,37,246800,6.48213513514,44223
93645.0,3,319000,4.84166666667,93529
93646.0,8,120200,8.04,27914
93647.0,28,136000,6.53521428571,32898
93648.0,9,115200,292.032222222,32175
93650.0,108,45000,21.7286944444,31818
93651.0,27,305000,7.58603703704,90179
93652.0,1,137500,10.2,22917
93653.0,13,272900,7.57730769231,46121
93654.0,194,170700,18.9853195876,47882
93656.0,16,161400,58.524,45485
93657.0,700,178900,10.3175828571,49785
93660.0,4,106600,3.9575,26223
93662.0,182,165200,32.5012087912,43442
93664.0,2,486900,7.3925,96563
93666.0,1,67700,4.95,24276
93667.0,13,274100,6.29053846154,53385
93668.0,4,174700,12.45,38665
93675.0,30,153900,6.03173333333,63105
93701.0,9,99700,3.70777777778,18553
93702.0,25,91000,3.69776,26031
93703.0,24,104300,13.0072083333,28406
93704.0,117,202400,6.11532478632,48461
93705.0,50,126900,5.40942,32635
93706.0,336,117400,16.5654285714,29197
93707.0,1,0,6.86,0
93710.0,151,182300,9.27476821192,42844
93711.0,425,302600,8.65740705882,63934
93712.0,1,0,8.28,0
93720.0,469,266000,9.92638379531,77092
93721.0,3,115300,67.62,11922
93722.0,358,175700,7.31574860335,54381
93723.0,82,283400,7.65746341463,69055
93724.0,2,0,4.18,0
93725.0,246,136000,81.6279390244,35635
93726.0,76,135100,5.52028947368,32471
93727.0,340,189300,21.8909176471,46394
93728.0,20,113900,14.65775,32658
93730.0,203,367500,8.08252216749,120672
93737.0,30,0,8.37233333333,0
93901.0,28,342500,31.0278928571,49491
93905.0,30,218600,49.8334666667,42807
93906.0,23,257400,15.968173913,55082
93907.0,126,349600,17.8363709677,68078
93908.0,351,600500,6.80294017094,113826
93920.0,20,1000000,46.2232,57670
93921.0,45,1000000,3.43071428571,62230
93923.0,202,896300,10.9242574257,98219
93924.0,368,777100,7.27385869565,92137
93925.0,2,279500,12.67,60000
93926.0,9,205100,184.174444444,51044
93927.0,65,183800,3.244,52233
93928.0,3,0,1162.56,77250
93930.0,22,190300,6.20831818182,42454
93932.0,12,412200,7.11166666667,94712
93933.0,62,358300,51.0862903226,53955
93940.0,416,631800,7.2402745098,67716
93950.0,52,673900,3.39726923077,70230
93953.0,12,905900,5.46191666667,102396
93955.0,68,344200,42.5326470588,52420
93960.0,22,205700,55.2479545455,47098
93962.0,4,509800,5.565,80288
94002.0,111,909200,5.59968468468,105985
94005.0,7,609700,3.79128571429,80233
94010.0,500,1000000,8.847376,118125
94014.0,58,534200,17.3833448276,71668
94015.0,58,581800,35.7783448276,78564
94018.0,39,0,4.32212820513,0
94019.0,148,735000,12.0267972973,103378
94020.0,19,730500,6.86615789474,92356
94021.0,1,928600,14.49,93810
94022.0,1164,1000000,11.9438840206,182750
94024.0,1056,1000000,6.29221306818,167546
94025.0,696,1000000,9.3765387931,119095
94027.0,212,1000000,9.54014150943,236912
94028.0,588,1000000,10.632952381,180174
94030.0,53,915100,18.0110188679,92006
94035.0,24,0,4.3225,0
94037.0,22,770500,6.48563636364,147568
94038.0,23,649800,4.18460869565,81622
94039.0,1,0,49.0,0
94040.0,690,1000000,9.38806521739,101912
94041.0,86,860700,5.95054651163,88810
94043.0,67,675100,24.9130447761,100844
94044.0,216,614100,10.9261759259,96719
94060.0,9,750000,9.20377777778,60089
94061.0,262,799500,4.32289312977,81907
94062.0,1236,1000000,8.12926860841,126557
94063.0,23,474200,48.290173913,54003
94065.0,10,869100,4.3462,132462
94066.0,74,602000,22.6349189189,81369
94070.0,222,942400,8.6226981982,125335
94080.0,332,589900,30.8336987952,78378
94085.0,35,517500,65.9705428571,92489
94086.0,105,688000,11.3380952381,100215
94087.0,375,948700,7.83152533333,122354
94089.0,18,169500,66.9177777778,88797
94102.0,18,579300,25.3191666667,24127
94103.0,63,636700,22.5198412698,41612
94104.0,1,1000000,1.15,80341
94107.0,127,747800,4.09930708661,120610
94108.0,4,860600,7.705,36875
94109.0,102,748500,7.21859803922,63173
94110.0,380,787100,2.91154736842,84488
94111.0,3,908900,393.973333333,103472
94112.0,282,612700,2.13018794326,71505
94114.0,286,1000000,2.86767132867,122970
94115.0,92,979000,11.9210869565,85330
94116.0,148,763200,2.75287162162,84828
94117.0,163,938400,3.0496993865,103333
94118.0,117,1000000,4.35102564103,82993
94119.0,1,0,5.76,0
94121.0,88,864200,2.99626136364,70220
94122.0,206,797400,2.61474271845,86070
94123.0,68,1000000,3.87532352941,121200
94124.0,213,474300,4.98192957746,49594
94126.0,1,0,4.83,0
94127.0,148,938800,3.35120945946,131108
94129.0,6,1000000,27.62,144886
94131.0,226,873100,2.95969911504,100114
94132.0,59,747100,4.08557627119,66607
94133.0,26,953900,10.2123846154,53150
94134.0,130,555700,2.59438461538,60230
94139.0,3,0,7.525,0
94303.0,84,1000000,14.9883928571,89464
94304.0,2,1000000,10.9625,101932
94305.0,94,1000000,6.58129787234,51976
94401.0,41,573100,28.4679512195,72279
94402.0,101,1000000,13.8287623762,115807
94403.0,111,790300,12.8608918919,95189
94404.0,140,810400,6.06954285714,114779
94503.0,162,315600,42.0493148148,81918
94505.0,302,385700,6.0730397351,111833
94506.0,418,959000,10.0816411483,176241
94507.0,252,1000000,8.19324603175,163219
94508.0,28,546200,9.01132142857,72411
94509.0,251,211800,11.4871354582,54372
94510.0,130,425100,22.5957,89500
94511.0,6,187900,5.19216666667,36845
94512.0,1,0,4.515,64583
94513.0,435,369100,6.8721908046,89607
94514.0,66,330900,48.0656666667,51992
94515.0,67,463300,19.2549104478,62182
94517.0,148,584100,10.3593581081,121367
94518.0,132,436300,29.3377727273,73040
94519.0,59,339800,19.0533050847,67607
94520.0,136,261900,45.64275,47656
94521.0,184,402100,17.7736847826,84819
94522.0,1,0,2.04,0
94523.0,378,515800,22.8431111111,81685
94525.0,10,357900,6.1445,81667
94526.0,354,836300,10.6823079096,128802
94528.0,14,1000000,13.1374642857,162328
94530.0,130,587500,5.26117692308,87598
94531.0,137,282000,9.30688321168,88693
94533.0,106,213400,47.9238679245,56973
94534.0,288,344600,5.69574305556,91882
94536.0,188,564400,4.56937234043,92107
94537.0,1,0,8.28,0
94538.0,90,495100,42.0576444444,87652
94539.0,282,912600,11.8392695035,144152
94540.0,4,0,3.778,0
94541.0,52,332100,12.5537307692,57895
94542.0,77,535400,5.00754545455,80327
94543.0,1,0,5.98,0
94544.0,53,323500,17.3776981132,59699
94545.0,32,357900,144.8866875,71723
94546.0,302,476700,12.9990066225,75500
94547.0,74,373100,13.3919444444,100204
94548.0,7,743200,8.70957142857,85000
94549.0,350,976600,7.88652,137344
94550.0,592,571900,8.41366385135,102952
94551.0,219,451800,29.2673378995,98321
94552.0,264,672100,8.2619469697,132826
94553.0,693,375800,18.9407662338,76669
94555.0,30,587000,4.35856666667,114603
94556.0,132,905400,5.80501515152,133088
94558.0,878,459400,13.5428029613,72720
94559.0,102,420200,13.0745392157,58363
94560.0,62,455500,10.9041290323,86521
94561.0,171,249200,5.87842690058,77706
94562.0,7,0,109.09,0
94563.0,226,987500,5.98800442478,166147
94564.0,45,346500,4.93361111111,74283
94565.0,648,217400,33.9846234568,55865
94566.0,517,808300,7.34996324952,120401
94567.0,2,206500,7.7625,58643
94568.0,366,575500,18.0598579235,113616
94571.0,28,216700,4.04903571429,61563
94572.0,12,308800,5.69558333333,68701
94573.0,15,0,51.5787333333,61310
94574.0,124,893500,43.6738467742,81788
94576.0,2,0,17.63,40341
94577.0,72,381300,10.5292361111,64660
94578.0,24,340500,9.87195833333,49095
94579.0,23,373200,17.3069565217,75481
94580.0,30,352500,51.6585,71177
94582.0,194,806900,17.2313608247,138371
94583.0,235,659000,8.25373617021,121948
94585.0,76,215600,34.7323947368,70721
94586.0,10,794800,7.7085,85000
94587.0,75,484300,18.6680266667,82564
94588.0,244,664100,8.97087295082,127684
94589.0,63,180900,40.0914285714,56154
94590.0,36,178800,25.6749444444,40826
94591.0,84,264300,9.04975,73870
94592.0,2,330400,2.88,107660
94595.0,71,391300,5.77769014085,58659
94596.0,139,722300,9.57838848921,78856
94597.0,73,569500,13.1242876712,88012
94598.0,293,746400,11.976665529,121337
94599.0,15,594100,33.2394666667,66136
94601.0,55,262300,6.2248,39601
94602.0,218,547500,5.32681651376,68813
94603.0,21,206800,26.775,40962
94605.0,78,370200,4.52725641026,57610
94606.0,18,337200,15.5180555556,37288
94607.0,61,347500,22.655704918,34192
94608.0,88,361300,31.5376363636,55959
94609.0,51,517500,3.29011764706,56378
94610.0,220,690300,4.88260909091,73850
94611.0,582,812100,4.57812027491,107577
94612.0,10,362600,29.608,30879
94618.0,332,886200,3.89631325301,123575
94619.0,98,457500,16.7945102041,78676
94621.0,27,180700,25.9540740741,30528
94701.0,13,0,25.8986923077,0
94702.0,75,551900,3.69532,59628
94703.0,88,617500,5.46267045455,58613
94704.0,27,723600,7.53240740741,30997
94705.0,151,951200,4.92905960265,96537
94706.0,267,633000,3.68093258427,81746
94707.0,516,874100,3.83475581395,136331
94708.0,294,867800,3.94543537415,145610
94709.0,43,702600,4.31295348837,59150
94710.0,70,560700,15.0562285714,60952
94801.0,450,165200,13.6207888889,38856
94803.0,276,340700,8.18591304348,76232
94804.0,124,228000,31.1931048387,49541
94805.0,98,298900,3.13285714286,66079
94806.0,132,237000,72.2958787879,52173
94807.0,1,0,4.32,0
94901.0,388,777100,7.32697938144,76909
94903.0,592,627100,6.94387162162,86196
94904.0,330,1000000,8.36012727273,102237
94914.0,2,0,4.05,0
94920.0,648,1000000,5.90696296296,132486
94922.0,5,0,5.182,28556
94923.0,30,658400,5.96206666667,77305
94924.0,29,877400,11.4508275862,73621
94925.0,61,912800,10.6561311475,113279
94926.0,15,0,3.8392,0
94928.0,246,308100,17.3032601626,57484
94929.0,4,471400,5.09325,44417
94930.0,58,705500,10.7265,93049
94931.0,48,401500,13.8168958333,64625
94933.0,5,549100,2.755,71667
94937.0,20,916700,5.8281,51921
94938.0,5,662900,3.768,96281
94939.0,56,1000000,5.658625,93750
94940.0,2,1000000,5.23,28958
94941.0,1036,1000000,5.83999227799,121209
94942.0,2,0,4.135,0
94945.0,348,627100,6.18554310345,83638
94946.0,18,1000000,10.5544444444,113281
94947.0,133,567400,5.73316541353,81879
94948.0,1,0,403.56,0
94949.0,279,543800,6.83908602151,74009
94950.0,2,760400,3.585,21333
94951.0,57,781300,6.69763157895,93389
94952.0,1295,563900,10.8520465116,75221
94954.0,142,420300,23.7094647887,81980
94955.0,1,0,56.7,0
94956.0,64,879900,5.97775,38750
94957.0,28,1000000,12.9553571429,187857
94960.0,112,899300,9.11770535714,108295
94963.0,3,897700,4.388,79485
94964.0,1,0,5.16,106333
94965.0,198,929600,5.95018181818,89715
94970.0,24,1000000,5.674875,107768
94971.0,1,718800,32.595,42500
94972.0,2,0,5.25,0
94973.0,9,684500,4.62944444444,88750
94978.0,1,0,2.45,0
95001.0,2,0,6.93,0
95002.0,16,421200,3.23375,73333
95003.0,648,653600,5.69303703704,83902
95004.0,38,409300,5.26321052632,67188
95005.0,31,531900,5.61009677419,69872
95006.0,74,438900,7.50210810811,75510
95007.0,1,552000,8.8,149821
95008.0,259,674600,8.38783783784,88987
95010.0,35,488700,5.30262857143,55833
95012.0,77,244400,3.03527272727,52015
95014.0,1194,1000000,15.2014949749,130961
95015.0,1,0,5.06,0
95017.0,5,608200,4.758,67031
95018.0,56,454000,7.94996428571,72161
95019.0,1,298900,2.52,38491
95020.0,318,485400,15.9446320755,82748
95023.0,190,353100,20.2161263158,69678
95024.0,1,0,3.655,0
95030.0,268,1000000,6.78582089552,154107
95032.0,248,1000000,5.93434274194,120893
95033.0,125,868200,7.90192,126397
95035.0,166,547400,43.3826746988,98899
95037.0,528,614600,13.7381590909,95435
95041.0,3,452100,21.8593333333,120208
95043.0,15,363000,10.095,62500
95045.0,40,418100,8.19245,55250
95046.0,63,693400,8.02387301587,108205
95050.0,3,610900,163.646666667,69341
95051.0,1,642400,59.84,101292
95054.0,2,636500,59.8275,116855
95060.0,1508,670900,10.7012254642,62365
95062.0,218,566900,6.30706880734,62253
95063.0,1,0,2.96,0
95064.0,10,350000,27.7715,60536
95065.0,92,657200,5.99344565217,86031
95066.0,234,645500,5.60757264957,108919
95070.0,506,1000000,10.3215790514,167386
95073.0,114,603400,11.0631842105,80133
95075.0,7,342900,6.16014285714,60556
95076.0,1603,374500,14.1101965066,56671
95101.0,53,0,5.48888679245,0
95110.0,28,407000,5.64535714286,68693
95111.0,92,341400,38.9701648352,57047
95112.0,110,432300,55.5153090909,49454
95113.0,1,644200,184.69,61500
95116.0,34,335200,48.9650882353,47413
95117.0,77,639500,11.6428961039,67718
95118.0,208,625300,14.4970576923,90984
95119.0,87,532900,18.3491609195,103319
95120.0,653,941000,7.80594869832,152721
95121.0,97,462700,11.0233298969,85514
95122.0,59,347600,17.4092881356,57470
95123.0,401,531600,16.6876209476,90881
95124.0,354,690900,6.72880508475,106660
95125.0,372,744400,12.0478145161,102479
95126.0,59,587200,16.4495084746,72877
95127.0,167,434400,12.0373712575,70692
95128.0,103,586300,17.1968640777,70096
95129.0,170,908300,11.1296235294,107493
95130.0,62,714200,17.0828387097,98990
95131.0,47,544300,41.6059574468,108366
95132.0,177,582800,8.71040677966,98026
95133.0,40,456400,41.095125,72459
95134.0,4,168900,480.908,114757
95135.0,177,771600,13.956480226,128654
95136.0,196,524900,11.7626938776,87500
95138.0,180,719300,10.3036444444,145505
95139.0,43,537900,4.82839534884,98400
95140.0,18,1000000,8.044,166750
95141.0,2,0,4.895,0
95148.0,154,600900,14.0069935065,107324
95151.0,1,0,2.97,0
95201.0,6,0,8.835,0
95202.0,6,160200,31.5566666667,15023
95203.0,20,153100,4.6488,37264
95204.0,38,137600,6.27921052632,43372
95205.0,10,98500,26.841,33357
95206.0,64,134800,36.44403125,42404
95207.0,114,163000,36.7393684211,38563
95209.0,172,193800,18.374755814,72218
95210.0,18,122800,116.567444444,38510
95212.0,237,231700,12.9929240506,59965
95215.0,112,142100,33.7814107143,40753
95219.0,170,275300,18.9100941176,75309
95220.0,77,386800,9.89637662338,60899
95221.0,4,0,5.244,0
95222.0,61,268100,12.9314098361,51927
95223.0,4,317200,5.94,62056
95224.0,1,220000,8.82,20179
95225.0,17,165400,5.81894117647,19922
95226.0,21,0,5.03642857143,0
95227.0,23,553300,11.0766521739,99167
95228.0,32,224000,7.12640625,61250
95229.0,4,0,4.545,0
95230.0,5,320500,75.124,46250
95231.0,4,141300,7.764,36167
95232.0,4,265300,5.4675,58500
95236.0,31,349400,15.0357419355,76542
95237.0,19,203200,10.5633684211,46575
95240.0,66,206300,11.9173636364,40021
95242.0,29,272300,38.0062068966,64355
95245.0,18,232500,9.68088888889,62424
95246.0,64,229900,4.7398125,39110
95247.0,48,275300,8.32652083333,48287
95248.0,15,273200,6.1476,21429
95249.0,14,216800,7.37071428571,41458
95251.0,6,271400,8.46666666667,78558
95252.0,156,225500,7.43680769231,62384
95254.0,19,242600,16.5613157895,72120
95255.0,6,191000,6.41833333333,36678
95258.0,10,307300,5.7338,72452
95301.0,166,163300,14.7230060241,48488
95303.0,10,269400,39.161,44792
95304.0,286,367900,11.4727062937,78640
95306.0,20,382700,19.1695,39219
95310.0,6,232400,6.45166666667,37500
95311.0,5,198600,5.349,42614
95312.0,2,104500,6.085,51806
95316.0,6,224300,104.251666667,67639
95317.0,4,232100,9.675,33036
95318.0,2,361500,338.4545,102872
95320.0,64,233900,9.143015625,55599
95321.0,14,265200,7.211,45947
95322.0,28,122700,20.0552857143,40732
95325.0,1,0,2.82,0
95327.0,21,177100,7.60904761905,44902
95329.0,20,214300,6.26225,58191
95330.0,36,197600,4.51047222222,63248
95333.0,23,157600,72.1745217391,42366
95334.0,14,177500,86.6403571429,50740
95336.0,110,199300,20.2466272727,56885
95337.0,102,251900,18.8835392157,66711
95338.0,50,237300,6.40802,47692
95340.0,146,167100,18.8146849315,49688
95341.0,18,108800,7.79372222222,32233
95343.0,1,0,1122.4,0
95345.0,1,205000,5.25,41042
95346.0,2,300600,8.28,49708
95347.0,1,0,5.67,0
95348.0,33,157100,6.63051515152,40903
95360.0,25,140300,102.6184,42213
95361.0,711,259800,17.2053881857,57652
95363.0,6,167700,192.36,53466
95365.0,7,102400,72.87,32319
95366.0,67,321200,13.360358209,75300
95367.0,16,176100,5.66025,59056
95369.0,12,255200,123.45975,48510
95370.0,90,270200,9.48075555556,48912
95372.0,6,227700,4.85933333333,79457
95374.0,6,299500,47.655,44000
95376.0,142,231000,6.03295774648,62262
95377.0,162,310200,5.46466049383,96860
95379.0,18,247800,5.43866666667,54792
95383.0,7,304900,6.94971428571,42299
95385.0,1,120000,11.44,37631
95387.0,6,375000,41.1616666667,28472
95388.0,46,114300,11.4900434783,42677
95389.0,6,277500,2.52,45588
95401.0,237,327600,7.94361603376,52813
95403.0,462,352800,15.8778831169,63029
95404.0,409,492700,10.4450586797,67001
95405.0,148,425100,13.564,72156
95407.0,162,287400,28.7930493827,53652
95409.0,536,432300,11.2941679104,65425
95410.0,8,384700,4.28325,37703
95412.0,3,477300,8.81,51875
95415.0,16,349000,27.6815,34643
95417.0,2,262900,3.85,71301
95418.0,10,0,6.923,0
95419.0,2,0,4.58,0
95420.0,5,547200,6.268,51618
95421.0,6,437800,13.4016666667,58289
95422.0,31,90400,63.6954193548,25934
95423.0,57,158300,4.224,27379
95425.0,270,346700,18.8850777778,57400
95426.0,4,198300,3.84,66750
95428.0,4,218800,12.612,32782
95429.0,2,350000,9.513,73125
95432.0,2,457100,6.74,32431
95436.0,45,364400,12.3946,53368
95437.0,469,331300,13.7129552239,38276
95439.0,9,510900,6.14555555556,73542
95441.0,33,673200,47.4754848485,59545
95442.0,92,614600,11.8925652174,64712
95444.0,4,384900,3.715,72607
95445.0,48,441900,6.19658333333,36201
95446.0,44,349200,9.41631818182,43564
95448.0,145,595600,14.1306275862,62076
95449.0,19,361600,6.11763157895,37321
95450.0,16,442900,5.3275,51389
95451.0,55,194900,4.94505454545,45392
95452.0,43,619200,20.4783488372,78114
95453.0,86,195900,26.0507023256,45299
95454.0,24,343100,8.86333333333,36196
95456.0,6,321200,5.991,38750
95457.0,11,171900,4.47272727273,42829
95458.0,9,87400,5.01022222222,20980
95459.0,8,394800,4.3975,43594
95460.0,24,619500,10.7910833333,49470
95461.0,87,285600,45.0826206897,52143
95462.0,21,316800,4.26228571429,37083
95463.0,2,0,5.4875,0
95464.0,4,161800,4.158,26667
95465.0,26,600200,6.81215384615,68636
95466.0,23,511900,10.8542608696,50500
95467.0,42,189700,18.051,65706
95468.0,34,386800,3.70217647059,44412
95469.0,11,460000,4.542,49545
95470.0,44,329100,5.00422727273,58810
95472.0,1050,615900,10.32144,68804
95473.0,1,0,12.04,0
95476.0,1281,485600,16.1440210773,60100
95480.0,6,0,6.0,0
95482.0,69,286000,19.5218550725,45953
95485.0,28,168500,5.29739285714,29708
95488.0,6,510700,6.03466666667,56683
95490.0,38,223400,18.967,37692
95492.0,203,394000,9.3929408867,81093
95493.0,3,378600,6.84,88333
95494.0,3,821400,6.684,46319
95497.0,51,694000,6.11950980392,59375
95501.0,18,247300,14.951,38175
95503.0,22,268300,3.53513636364,48681
95518.0,3,0,3.36,0
95519.0,36,301200,4.03327777778,50051
95521.0,112,329500,4.82846428571,32711
95524.0,16,428700,3.607875,69760
95525.0,3,305700,3.26,48142
95526.0,6,210000,4.88,21979
95527.0,1,275000,3.15,34911
95536.0,7,351300,5.03142857143,50227
95540.0,13,260700,3.38507692308,42655
95542.0,3,364700,6.06,35634
95546.0,8,115800,9.82,26281
95547.0,4,316700,5.1525,56081
95549.0,3,461700,5.739,56607
95551.0,2,247400,4.495,45729
95553.0,2,387500,1.89,41393
95556.0,2,206000,3.2,48839
95558.0,1,373800,1.52,36000
95560.0,4,292200,3.3525,29913
95562.0,1,213000,2.912,40181
95563.0,2,295500,5.26,40500
95565.0,1,225000,5.4,54034
95570.0,16,366300,4.5675,50500
95573.0,3,237200,10.944,35607
95589.0,4,305100,13.58,43295
95601.0,2,143800,2.826,43036
95602.0,210,367400,11.5373619048,63721
95603.0,1295,327800,8.80861389961,56049
95605.0,115,159800,62.3005652174,38255
95606.0,6,0,11.636,0
95607.0,18,337200,6.26955555556,69702
95608.0,1,304200,6.44,55256
95612.0,8,474400,51.241875,53194
95613.0,1,0,7.36,0
95614.0,74,296800,6.65878378378,90903
95616.0,355,538300,8.22696619718,45332
95618.0,552,558800,5.47241304348,81471
95619.0,20,199500,4.5519,60660
95620.0,250,272000,10.13932,66291
95623.0,72,283800,5.63172222222,55878
95626.0,9,193900,6.35022222222,60579
95627.0,24,205500,8.177625,57664
95629.0,13,171900,10.4836923077,42545
95631.0,88,269700,7.02890909091,63901
95632.0,4,216000,10.4625,61255
95633.0,14,277800,5.29107142857,70938
95634.0,55,252500,4.77363636364,59844
95635.0,6,289600,6.40833333333,46827
95636.0,2,186800,5.175,56250
95637.0,4,390900,16.48,75750
95640.0,152,219300,7.27342105263,56696
95641.0,24,162500,7.61166666667,38750
95642.0,42,282900,20.0845238095,43981
95645.0,4,171900,435.2775,42576
95648.0,701,333700,5.83887731812,70820
95650.0,227,407600,9.28733920705,84133
95651.0,6,422100,5.325,65114
95653.0,8,198700,7.620875,55000
95656.0,6,0,4.91066666667,0
95658.0,111,397500,9.0239009009,63604
95659.0,40,290000,7.030625,54444
95661.0,6,333200,13.5066666667,72459
95662.0,2,262900,8.52,65122
95663.0,70,416800,7.1442,124375
95664.0,22,372300,6.53,79327
95665.0,22,239700,7.98618181818,48940
95666.0,22,222400,8.45436363636,53281
95667.0,2230,313100,7.47192376682,55710
95668.0,40,239200,32.7442,65938
95669.0,41,298000,8.59446341463,64479
95672.0,75,399400,6.52164,92464
95674.0,12,361800,9.06933333333,74583
95675.0,8,34400,5.23675,48285
95676.0,1,0,11.22,0
95677.0,510,298600,10.1232039216,69583
95678.0,1,269200,11.856,62969
95679.0,1,0,5.01,14073
95680.0,1,0,833.325,0
95681.0,5,271900,5.482,44464
95682.0,1360,374300,8.4825,77416
95684.0,84,245900,9.16076190476,52292
95685.0,72,352200,8.07272222222,60648
95686.0,1,144300,595.62,31438
95687.0,231,256900,14.3871125541,73684
95688.0,536,357800,12.8008134328,81860
95689.0,6,328200,5.70333333333,56875
95690.0,72,359300,8.804375,56101
95691.0,316,260000,19.8105126582,65769
95692.0,43,174000,7.18644186047,62043
95694.0,81,289300,11.742654321,58517
95695.0,220,272000,24.1886272727,52274
95696.0,1,0,9.45,0
95697.0,4,157400,6.1,75714
95698.0,4,360000,6.732,45769
95699.0,4,405600,4.95,77188
95703.0,30,318200,5.61733333333,69750
95709.0,80,296900,8.1268,70417
95713.0,378,282600,6.80314285714,60720
95714.0,2,287500,3.985,54327
95717.0,2,289500,5.74,39167
95722.0,44,361600,6.24186363636,76389
95726.0,27,227400,3.89444444444,55996
95746.0,648,599800,10.0292530864,118919
95747.0,35,343500,8.348,92678
95762.0,1947,477200,8.13098767334,117700
95765.0,447,356900,8.35667114094,87100
95776.0,92,257400,39.4323586957,63750
95833.0,1,171400,5.7,55827
95837.0,1,337500,3.225,110236
95901.0,510,162700,43.6265980392,42319
95912.0,48,252400,82.6500416667,50764
95913.0,1,0,6.48,0
95914.0,13,176000,6.39684615385,25200
95915.0,20,0,4.764,10481
95916.0,10,167200,3.852,38636
95917.0,15,150200,95.459,44500
95918.0,36,344300,6.70363888889,77583
95919.0,3,161700,5.00833333333,45871
95920.0,10,360900,16.356,71063
95926.0,178,267100,14.6075337079,37296
95927.0,2,0,4.1075,0
95928.0,1004,302300,23.7628446215,45906
95932.0,37,168500,29.0144864865,46453
95934.0,4,211000,4.05,31892
95935.0,2,214100,4.745,37461
95937.0,9,80000,5.52333333333,56394
95938.0,49,373000,15.3625510204,60750
95939.0,2,146400,14.72,29063
95942.0,20,302900,6.8735,41888
95943.0,99,340500,14.407030303,51908
95945.0,2067,311100,7.40403144654,42778
95946.0,270,327200,6.45146666667,62180
95947.0,8,165300,4.89375,34500
95948.0,69,172000,18.7474347826,44423
95949.0,190,323000,6.04096315789,60459
95950.0,1,111400,8.0,42273
95951.0,46,168300,5.10630434783,37500
95953.0,60,159100,39.7668666667,46392
95954.0,12,153600,5.0175,40545
95955.0,11,152300,130.641363636,47031
95956.0,2,200000,2.7,56923
95957.0,10,197100,7.826,58438
95958.0,10,0,209.928,0
95959.0,855,385800,6.51433333333,58913
95960.0,12,168000,4.12,29250
95961.0,296,163400,20.2630540541,46441
95962.0,34,274300,5.50805882353,59832
95963.0,176,224100,7.13534090909,39485
95965.0,1972,151300,38.566362069,35220
95966.0,115,159100,7.05280869565,40775
95967.0,3,0,5.59166666667,0
95968.0,3,90000,7.49,33100
95969.0,53,204800,12.8670566038,41982
95970.0,10,201100,12.0342,57639
95971.0,102,228300,7.305,51869
95973.0,1408,267700,8.05278409091,56541
95974.0,14,0,52.3905714286,0
95975.0,48,290800,5.64895833333,57969
95977.0,80,240000,6.1346,48500
95982.0,21,189000,7.29052380952,63816
95983.0,4,144900,4.2,26250
95984.0,4,0,4.44,0
95987.0,54,164800,125.230888889,55355
95988.0,142,209900,20.1075352113,48443
95991.0,206,161600,22.5243300971,43165
95993.0,196,226900,10.742,64034
96001.0,148,247600,11.2088648649,46422
96002.0,32,210200,9.71390625,43657
96003.0,113,224200,8.17332743363,46497
96007.0,130,175700,5.84441538462,38907
96008.0,7,215500,6.21957142857,53419
96009.0,1,205200,7.92,56563
96013.0,8,135200,12.845,38089
96016.0,1,225400,6.9,49732
96019.0,6,160000,5.552,40455
96021.0,51,140800,32.6035294118,39756
96022.0,61,226200,6.93385245902,52154
96028.0,16,226600,4.799625,40781
96029.0,2,282100,2.45,54688
96035.0,21,158500,30.697047619,44028
96040.0,2,371400,10.605,36429
96047.0,8,205400,9.5025,25662
96049.0,1,22500,1174.08,12404
96051.0,6,235400,4.89833333333,45268
96055.0,15,158100,15.4272666667,40747
96056.0,33,193000,27.4859090909,44348
96059.0,5,200700,6.436,36447
96062.0,21,292900,7.24342857143,61488
96063.0,4,152500,17.5725,52500
96065.0,4,371400,5.04,36875
96069.0,8,209100,7.2145,36310
96073.0,61,347100,10.5429180328,81328
96074.0,1,112500,2.0,31250
96076.0,2,295800,2.04,41042
96078.0,1,0,2.73,0
96080.0,274,170400,17.0799927007,39288
96084.0,2,178100,29.808,42619
96087.0,5,208300,5.0088,27727
96088.0,56,210500,9.69032142857,47440
96092.0,4,203900,9.5125,39013
96096.0,8,263300,6.09625,58889
96137.0,12,245200,6.06,48950
96158.0,3,0,22.68,0
96608.0,1,0,2.255,0
98027.0,3,489300,529.2,102760
98665.0,1,213700,12.096,50305
