Zipcode,Average Nameplate Rating,Average House Value,Income Per Household,# of Completed Solar Installation
66501.0,3.5  kW,"$  61,500","$  50,208",3
90001.0,77.43  kW,"$  241,800","$  34,050",24
90002.0,3.05  kW,"$  218,800","$  30,214",46
90008.0,5.41  kW,"$  443,800","$  36,180",10
90022.0,8.67  kW,"$  296,300","$  39,051",220
90023.0,3.04  kW,"$  294,900","$  37,082",24
90025.0,1487.96  kW,"$  680,300","$  71,278",8
90038.0,4.69  kW,"$  548,900","$  33,850",10
90040.0,69.66  kW,"$  323,000","$  44,531",24
90043.0,4.21  kW,"$  358,800","$  38,738",84
90044.0,5.52  kW,"$  270,400","$  28,344",3
90046.0,3.1  kW,"$  860,100","$  56,337",15
90047.0,127.89  kW,"$  295,700","$  40,528",18
90048.0,5.76  kW,"$  980,800","$  72,913",30
90049.0,18.33  kW,"$  1,000,000","$  116,732",2
90056.0,6.47  kW,"$  749,500","$  76,688",208
90059.0,3.42  kW,"$  224,100","$  33,678",129
90061.0,68.74  kW,"$  253,800","$  34,566",27
90063.0,4.2  kW,"$  280,400","$  39,206",62
90066.0,3.94  kW,"$  741,500","$  68,346",33
90069.0,5.28  kW,"$  694,800","$  78,607",18
90073.0,404.58  kW,$  0,$  0,5
90201.0,134.6  kW,"$  276,300","$  37,013",36
90209.0,11.9  kW,$  0,$  0,2
90210.0,17.68  kW,"$  1,000,000","$  138,750",59
90211.0,14.95  kW,"$  1,000,000","$  69,942",15
90212.0,5.42  kW,"$  1,000,000","$  84,516",26
90213.0,10.5  kW,$  0,$  0,1
90220.0,41.99  kW,"$  221,100","$  45,474",60
90221.0,18.77  kW,"$  239,500","$  42,753",45
90222.0,13.96  kW,"$  229,700","$  40,056",26
90230.0,9.27  kW,"$  557,100","$  73,786",172
90232.0,8.4  kW,"$  728,600","$  71,316",77
90233.0,4.56  kW,$  0,$  0,1
90240.0,7.76  kW,"$  441,700","$  71,939",62
90241.0,16.96  kW,"$  432,000","$  56,059",47
90242.0,34.77  kW,"$  380,900","$  57,095",38
90245.0,20.31  kW,"$  762,000","$  84,004",79
90247.0,5.19  kW,"$  331,300","$  42,968",22
90248.0,21.29  kW,"$  353,900","$  51,956",6
90249.0,18.08  kW,"$  359,900","$  50,996",15
90250.0,35.89  kW,"$  400,200","$  45,766",165
90254.0,5.75  kW,"$  1,000,000","$  105,029",76
90255.0,65.51  kW,"$  287,700","$  35,985",30
90260.0,4.48  kW,"$  388,700","$  51,769",13
90262.0,3.02  kW,"$  278,400","$  42,057",30
90263.0,10.07  kW,$  0,$  0,12
90264.0,8.36  kW,$  0,$  0,1
90265.0,9.92  kW,"$  1,000,000","$  124,814",174
90266.0,8.91  kW,"$  1,000,000","$  142,071",566
90270.0,149.64  kW,"$  284,100","$  36,450",4
90274.0,7.39  kW,"$  1,000,000","$  156,250","1,134"
90275.0,6.91  kW,"$  952,900","$  120,742","2,432"
90277.0,6.36  kW,"$  838,800","$  99,398",93
90278.0,6.11  kW,"$  682,700","$  104,934",70
90280.0,89.17  kW,"$  297,200","$  43,526",26
90290.0,7.44  kW,"$  926,500","$  106,750",89
90292.0,580.32  kW,"$  728,700","$  103,319",3
90301.0,16.22  kW,"$  280,400","$  37,813",13
90302.0,4.86  kW,"$  315,200","$  41,187",9
90303.0,46.21  kW,"$  331,900","$  40,807",16
90304.0,25.03  kW,"$  312,100","$  36,778",10
90305.0,5.97  kW,"$  355,300","$  62,558",12
90401.0,23.29  kW,"$  680,400","$  60,802",16
90402.0,6.23  kW,"$  1,000,000","$  131,607",103
90403.0,10.18  kW,"$  947,500","$  72,366",49
90404.0,7.94  kW,"$  664,800","$  65,035",38
90405.0,10.61  kW,"$  1,000,000","$  78,756",104
90406.0,4.05  kW,$  0,$  0,1
90501.0,34.72  kW,"$  523,400","$  59,878",51
90502.0,14.97  kW,"$  349,700","$  62,533",11
90503.0,5.8  kW,"$  635,800","$  77,047",58
90504.0,3.94  kW,"$  525,400","$  75,180",51
90505.0,7.09  kW,"$  694,200","$  82,313",69
90601.0,8.8  kW,"$  418,600","$  70,841",260
90602.0,5.35  kW,"$  416,300","$  47,622",20
90603.0,5.1  kW,"$  434,700","$  87,251",73
90604.0,4.76  kW,"$  369,800","$  65,640",60
90605.0,5.21  kW,"$  363,800","$  66,706",55
90606.0,5.01  kW,"$  334,400","$  63,833",20
90620.0,9.71  kW,"$  402,300","$  80,278",117
90621.0,12.68  kW,"$  397,200","$  56,219",52
90623.0,6.67  kW,"$  581,200","$  83,767",162
90630.0,5.72  kW,"$  498,300","$  84,051",216
90631.0,13.91  kW,"$  420,400","$  66,553",740
90637.0,2.09  kW,$  0,$  0,1
90638.0,25.36  kW,"$  410,500","$  79,858",336
90640.0,20.91  kW,"$  384,400","$  47,436",31
90650.0,4.44  kW,"$  320,900","$  60,523",54
90660.0,83.08  kW,"$  328,400","$  56,607",22
90670.0,50.85  kW,"$  349,000","$  51,935",24
90680.0,5.45  kW,"$  296,400","$  47,796",20
90701.0,8.11  kW,"$  401,000","$  60,544",34
90703.0,9.96  kW,"$  595,400","$  90,613",324
90704.0,3.02  kW,"$  724,700","$  55,882",27
90706.0,22.69  kW,"$  341,700","$  49,360",50
90710.0,5.18  kW,"$  392,100","$  54,630",15
90711.0,4.22  kW,$  0,$  0,1
90712.0,24.21  kW,"$  413,000","$  78,175",67
90713.0,8.19  kW,"$  437,500","$  87,095",77
90715.0,4.16  kW,"$  354,400","$  64,701",24
90716.0,1.58  kW,"$  246,800","$  39,055",9
90717.0,4.72  kW,"$  460,500","$  56,245",43
90720.0,8.46  kW,"$  757,500","$  95,631",543
90723.0,64.88  kW,"$  253,900","$  43,784",10
90731.0,4.73  kW,"$  445,500","$  49,786",4
90740.0,6.79  kW,"$  296,500","$  53,677",105
90742.0,5.4  kW,"$  1,000,000","$  88,971",2
90743.0,3.21  kW,"$  1,000,000","$  106,458",3
90745.0,24.56  kW,"$  328,300","$  71,757",56
90746.0,15.13  kW,"$  365,100","$  75,031",38
90755.0,6.53  kW,"$  375,200","$  67,878",45
90801.0,2.66  kW,$  0,$  0,1
90802.0,28.78  kW,"$  280,800","$  44,984",14
90803.0,5.16  kW,"$  693,400","$  72,025",327
90804.0,3.6  kW,"$  369,500","$  44,629",52
90805.0,8.24  kW,"$  287,900","$  45,197",153
90806.0,3.87  kW,"$  358,000","$  43,785",27
90807.0,4.61  kW,"$  487,400","$  72,276",375
90808.0,9.82  kW,"$  508,600","$  96,824",210
90810.0,38.88  kW,"$  306,700","$  49,087",72
90813.0,26.3  kW,"$  300,800","$  31,215",19
90814.0,4.29  kW,"$  597,100","$  55,111",58
90815.0,4.86  kW,"$  511,700","$  79,525",202
90822.0,178.64  kW,$  0,$  0,2
91001.0,5.23  kW,"$  562,100","$  85,655",173
91006.0,7.51  kW,"$  761,200","$  84,021",203
91007.0,7.04  kW,"$  770,700","$  72,255",106
91008.0,19.9  kW,"$  972,200","$  98,315",24
91010.0,15.94  kW,"$  356,100","$  60,118",162
91011.0,6.6  kW,"$  1,000,000","$  152,210",840
91016.0,8.3  kW,"$  513,000","$  72,168",89
91020.0,4.0  kW,"$  537,100","$  67,652",8
91024.0,5.32  kW,"$  804,600","$  90,780",71
91030.0,5.81  kW,"$  832,200","$  80,479",202
91101.0,3.26  kW,"$  437,800","$  58,365",3
91104.0,3.86  kW,"$  597,500","$  70,811",17
91107.0,6.1  kW,"$  651,900","$  84,761",58
91108.0,6.31  kW,"$  1,000,000","$  120,152",176
91109.0,36.96  kW,$  0,$  0,1
91214.0,11.52  kW,"$  596,800","$  89,849",202
91301.0,8.35  kW,"$  679,200","$  109,913","2,295"
91302.0,8.62  kW,"$  988,200","$  121,715",920
91304.0,6.1  kW,"$  442,900","$  58,361",9
91307.0,7.81  kW,"$  513,400","$  98,655",126
91310.0,5.76  kW,$  0,$  0,26
91311.0,9.26  kW,"$  448,800","$  80,279",24
91319.0,13.34  kW,$  0,$  0,12
91320.0,7.03  kW,"$  586,500","$  106,365",903
91321.0,7.23  kW,"$  343,400","$  57,654",432
91326.0,5.04  kW,"$  612,600","$  98,831",2
91340.0,62.35  kW,"$  299,000","$  55,217",24
91342.0,5.91  kW,"$  328,200","$  60,899",32
91350.0,16.34  kW,"$  383,800","$  97,921","2,527"
91351.0,13.39  kW,"$  317,400","$  70,858",432
91354.0,7.88  kW,"$  455,600","$  111,098",450
91355.0,29.35  kW,"$  426,000","$  89,596",302
91360.0,8.56  kW,"$  557,200","$  91,617",277
91361.0,9.12  kW,"$  769,400","$  103,306",750
91362.0,8.67  kW,"$  644,400","$  100,747",813
91364.0,6.9  kW,"$  651,700","$  93,919",24
91377.0,6.54  kW,"$  649,100","$  117,326",200
91381.0,12.29  kW,"$  574,700","$  114,608","1,315"
91384.0,5.93  kW,"$  394,700","$  102,273",885
91387.0,7.58  kW,"$  370,400","$  82,076","1,344"
91390.0,6.62  kW,"$  463,400","$  105,659","3,144"
91608.0,126.0  kW,$  0,$  0,4
91701.0,6.13  kW,"$  367,700","$  76,994",777
91702.0,4.89  kW,"$  308,200","$  54,769",18
91706.0,77.05  kW,"$  293,700","$  51,234",74
91708.0,117.91  kW,"$  383,800","$  118,750",16
91709.0,7.04  kW,"$  489,700","$  97,609",355
91710.0,14.27  kW,"$  338,500","$  71,825",750
91711.0,7.45  kW,"$  537,300","$  89,508",308
91714.0,2.25  kW,$  0,$  0,2
91722.0,16.14  kW,"$  339,900","$  63,740",51
91723.0,23.03  kW,"$  368,200","$  60,532",25
91724.0,5.28  kW,"$  423,000","$  75,420",228
91729.0,584.62  kW,$  0,$  0,6
91730.0,15.35  kW,"$  289,900","$  61,952",303
91731.0,51.07  kW,"$  351,500","$  36,955",22
91732.0,5.24  kW,"$  347,400","$  41,485",90
91733.0,13.75  kW,"$  338,900","$  40,930",54
91737.0,6.95  kW,"$  439,300","$  98,407",672
91739.0,6.22  kW,"$  454,600","$  100,049",966
91740.0,21.24  kW,"$  373,600","$  67,048",85
91741.0,5.76  kW,"$  569,200","$  81,250",143
91744.0,13.9  kW,"$  294,000","$  57,789",138
91745.0,12.51  kW,"$  467,800","$  76,447",920
91746.0,14.96  kW,"$  307,900","$  59,502",72
91748.0,8.96  kW,"$  478,000","$  60,896",696
91750.0,7.99  kW,"$  449,700","$  76,912",201
91752.0,24.83  kW,"$  300,100","$  62,372",612
91754.0,18.76  kW,"$  498,000","$  56,767",44
91755.0,4.46  kW,"$  471,600","$  52,517",28
91759.0,1.41  kW,"$  322,000","$  46,250",1
91761.0,44.06  kW,"$  274,200","$  61,270",86
91762.0,7.98  kW,"$  252,600","$  50,707",106
91763.0,24.99  kW,"$  255,000","$  49,056",30
91764.0,54.15  kW,"$  232,500","$  51,060",35
91765.0,8.44  kW,"$  539,000","$  90,966",330
91766.0,10.31  kW,"$  263,900","$  48,896",213
91767.0,10.52  kW,"$  262,300","$  49,206",45
91768.0,36.93  kW,"$  262,600","$  47,177",41
91769.0,7.49  kW,$  0,$  0,1
91770.0,14.54  kW,"$  424,700","$  47,078",58
91773.0,16.29  kW,"$  432,700","$  78,501",121
91775.0,9.39  kW,"$  644,400","$  84,620",70
91776.0,7.15  kW,"$  510,900","$  48,302",36
91780.0,10.02  kW,"$  586,600","$  63,045",74
91784.0,8.35  kW,"$  486,100","$  95,975",217
91786.0,13.59  kW,"$  334,300","$  51,105",81
91788.0,2.88  kW,$  0,$  0,1
91789.0,11.53  kW,"$  608,400","$  93,509",868
91790.0,5.67  kW,"$  369,300","$  66,057",52
91791.0,6.11  kW,"$  446,300","$  70,841",100
91792.0,5.57  kW,"$  362,500","$  66,848",22
91801.0,5.49  kW,"$  471,600","$  51,225",46
91803.0,16.17  kW,"$  500,800","$  56,632",19
91901.0,8.7  kW,"$  471,800","$  81,379",259
91902.0,5.89  kW,"$  517,700","$  88,926",144
91903.0,5.88  kW,$  0,$  0,1
91905.0,12.71  kW,"$  276,000","$  63,722",10
91906.0,53.73  kW,"$  179,700","$  58,353",13
91909.0,3.48  kW,$  0,$  0,7
91910.0,12.76  kW,"$  348,300","$  54,640",155
91911.0,29.74  kW,"$  300,100","$  48,891",101
91913.0,27.55  kW,"$  400,300","$  84,741",84
91914.0,6.62  kW,"$  473,300","$  110,343",73
91915.0,37.45  kW,"$  375,900","$  99,606",49
91916.0,7.06  kW,"$  259,400","$  61,296",17
91917.0,6.89  kW,"$  182,100","$  66,932",5
91931.0,6.9  kW,"$  13,900","$  24,032",1
91932.0,11.04  kW,"$  342,600","$  48,117",134
91934.0,9.6  kW,"$  146,100","$  45,625",1
91935.0,8.29  kW,"$  504,300","$  93,092",161
91941.0,7.84  kW,"$  497,700","$  71,661",288
91942.0,17.94  kW,"$  357,600","$  52,354",90
91944.0,6.58  kW,$  0,$  0,1
91945.0,4.43  kW,"$  295,100","$  52,376",81
91948.0,1.44  kW,$  0,$  0,1
91950.0,20.54  kW,"$  274,900","$  39,533",86
91962.0,5.18  kW,"$  347,200","$  100,398",8
91963.0,7.03  kW,"$  130,600","$  39,622",5
91977.0,4.83  kW,"$  306,700","$  60,124",177
91978.0,4.65  kW,"$  345,400","$  66,483",36
91980.0,24.84  kW,$  0,"$  200,325",1
92003.0,15.77  kW,"$  557,900","$  69,205",60
92004.0,5.57  kW,"$  186,900","$  36,500",108
92007.0,4.91  kW,"$  804,700","$  93,889",112
92008.0,6.98  kW,"$  609,900","$  66,000",116
92009.0,9.93  kW,"$  664,300","$  102,212",846
92010.0,5.89  kW,"$  506,700","$  95,806",54
92011.0,5.84  kW,"$  672,800","$  102,030",333
92014.0,6.1  kW,"$  1,000,000","$  114,777",131
92019.0,7.44  kW,"$  414,100","$  74,797",286
92020.0,9.93  kW,"$  404,900","$  49,851",220
92021.0,8.22  kW,"$  300,900","$  50,035",891
92023.0,7.44  kW,$  0,$  0,8
92024.0,6.25  kW,"$  708,800","$  92,402",954
92025.0,12.06  kW,"$  407,100","$  45,433",276
92026.0,6.7  kW,"$  367,700","$  53,820",542
92027.0,12.11  kW,"$  320,200","$  53,473",245
92028.0,11.91  kW,"$  427,500","$  57,223",954
92029.0,9.22  kW,"$  480,200","$  68,108",546
92036.0,5.69  kW,"$  293,600","$  51,667",33
92037.0,15.57  kW,"$  1,000,000","$  95,306",245
92040.0,6.03  kW,"$  340,100","$  64,787",294
92049.0,4.92  kW,$  0,$  0,5
92054.0,11.59  kW,"$  406,400","$  50,568",207
92055.0,147.01  kW,$  0,"$  48,147",40
92056.0,12.35  kW,"$  355,700","$  63,728",128
92057.0,8.2  kW,"$  346,900","$  64,976",175
92058.0,63.77  kW,"$  278,900","$  46,655",23
92059.0,6.81  kW,"$  302,200","$  66,417",20
92061.0,18.66  kW,"$  330,200","$  68,333",46
92064.0,10.18  kW,"$  502,200","$  96,297",673
92065.0,8.18  kW,"$  385,200","$  77,361",525
92066.0,3.87  kW,"$  420,000","$  43,295",9
92067.0,13.55  kW,"$  1,000,000","$  119,939",206
92069.0,20.79  kW,"$  376,800","$  52,457",278
92070.0,7.21  kW,"$  358,600","$  43,333",9
92071.0,13.27  kW,"$  336,300","$  74,393",280
92075.0,5.45  kW,"$  963,500","$  90,833",99
92078.0,6.53  kW,"$  384,600","$  55,530",528
92081.0,10.3  kW,"$  392,000","$  54,565",99
92082.0,15.82  kW,"$  442,800","$  79,348",313
92083.0,8.86  kW,"$  295,500","$  46,073",58
92084.0,6.84  kW,"$  394,700","$  50,401",264
92086.0,7.01  kW,"$  147,600","$  33,375",18
92091.0,12.02  kW,"$  956,200","$  94,318",14
92101.0,24.91  kW,"$  435,900","$  52,314",71
92102.0,16.96  kW,"$  291,300","$  41,575",55
92103.0,7.38  kW,"$  561,400","$  65,793",127
92104.0,5.22  kW,"$  461,900","$  48,733",117
92105.0,7.88  kW,"$  274,200","$  36,893",185
92106.0,15.75  kW,"$  838,100","$  81,973",111
92107.0,4.78  kW,"$  666,700","$  66,825",164
92108.0,73.34  kW,"$  282,400","$  65,297",27
92109.0,4.11  kW,"$  685,300","$  67,025",446
92110.0,41.04  kW,"$  484,600","$  60,920",78
92111.0,23.74  kW,"$  395,500","$  55,635",125
92112.0,55.63  kW,$  0,$  0,3
92113.0,36.68  kW,"$  241,100","$  28,185",44
92114.0,5.23  kW,"$  282,600","$  57,287",135
92115.0,8.07  kW,"$  366,300","$  42,828",147
92116.0,7.09  kW,"$  471,100","$  54,966",117
92117.0,5.19  kW,"$  461,900","$  65,319",268
92118.0,6.13  kW,"$  1,000,000","$  90,876",196
92119.0,6.37  kW,"$  433,900","$  70,261",127
92120.0,11.45  kW,"$  465,700","$  79,895",245
92121.0,22.14  kW,"$  592,400","$  103,598",44
92122.0,8.22  kW,"$  593,600","$  71,307",138
92123.0,22.32  kW,"$  406,800","$  71,911",116
92124.0,5.88  kW,"$  527,200","$  80,625",140
92126.0,10.99  kW,"$  398,600","$  85,707",170
92127.0,11.13  kW,"$  637,300","$  123,459",238
92128.0,5.55  kW,"$  513,800","$  90,298",468
92129.0,5.07  kW,"$  583,500","$  109,267",364
92130.0,9.37  kW,"$  845,600","$  131,166",320
92131.0,8.67  kW,"$  638,000","$  119,924",340
92132.0,205.92  kW,$  0,$  0,2
92139.0,3.92  kW,"$  281,500","$  59,679",26
92140.0,385.77  kW,$  0,$  0,6
92145.0,149.67  kW,"$  1,000,000","$  228,587",6
92154.0,55.52  kW,"$  277,200","$  60,162",94
92173.0,55.87  kW,"$  260,100","$  35,745",26
92177.0,2.48  kW,$  0,$  0,1
92182.0,164.25  kW,$  0,$  0,10
92199.0,2.3  kW,$  0,$  0,1
92210.0,9.93  kW,"$  613,400","$  83,269",282
92211.0,9.56  kW,"$  341,000","$  57,557",263
92220.0,6.49  kW,"$  163,800","$  39,917",27
92223.0,9.93  kW,"$  211,200","$  64,738",470
92225.0,119.5  kW,"$  121,800","$  43,638",312
92230.0,5.22  kW,"$  72,100","$  40,079",5
92234.0,13.02  kW,"$  180,100","$  43,170",752
92240.0,5.82  kW,"$  121,000","$  35,315",378
92241.0,5.45  kW,"$  57,200","$  34,896",48
92252.0,8.71  kW,"$  118,300","$  39,409",75
92256.0,8.06  kW,"$  113,500","$  32,045",34
92260.0,11.38  kW,"$  283,400","$  50,309",317
92261.0,171.33  kW,$  0,$  0,3
92262.0,10.82  kW,"$  279,100","$  46,519","1,504"
92263.0,1.53  kW,$  0,$  0,1
92264.0,8.69  kW,"$  242,000","$  43,703",245
92266.0,6.5  kW,$  0,"$  31,296",6
92268.0,4.95  kW,"$  217,500","$  41,964",10
92270.0,10.5  kW,"$  508,900","$  71,688",450
92277.0,6.6  kW,"$  119,500","$  37,316",327
92282.0,6.53  kW,"$  102,800","$  34,063",16
92284.0,6.3  kW,"$  130,000","$  42,517",142
92285.0,5.42  kW,"$  65,400","$  29,362",24
92301.0,60.38  kW,"$  94,600","$  34,537",48
92305.0,2.8  kW,"$  266,700","$  62,109",2
92307.0,14.05  kW,"$  175,800","$  57,124",353
92308.0,12.47  kW,"$  160,100","$  43,345",530
92310.0,28.86  kW,$  0,"$  49,928",12
92311.0,34.98  kW,"$  99,100","$  45,889",204
92312.0,13.92  kW,$  0,$  0,1
92313.0,5.45  kW,"$  236,500","$  64,140",49
92314.0,3.0  kW,"$  223,600","$  46,518",1
92316.0,8.3  kW,"$  176,100","$  48,788",70
92317.0,5.6  kW,$  0,$  0,1
92318.0,12.74  kW,$  0,$  0,1
92320.0,5.89  kW,"$  160,000","$  42,212",37
92324.0,7.14  kW,"$  162,800","$  41,278",50
92325.0,4.76  kW,"$  179,500","$  47,394",6
92327.0,2.76  kW,"$  52,600","$  35,603",1
92328.0,270.95  kW,"$  26,300","$  34,750",20
92331.0,6.48  kW,$  0,$  0,2
92332.0,5.52  kW,$  0,$  0,2
92334.0,63.8  kW,$  0,$  0,1
92335.0,59.89  kW,"$  184,600","$  43,092",44
92336.0,7.09  kW,"$  292,800","$  87,425",331
92337.0,24.12  kW,"$  235,500","$  69,966",63
92338.0,4.41  kW,$  0,$  0,3
92340.0,4.11  kW,$  0,$  0,4
92341.0,3.95  kW,"$  192,100","$  14,848",4
92342.0,4.88  kW,"$  191,400","$  66,775",122
92344.0,8.31  kW,"$  214,300","$  69,171",150
92345.0,13.04  kW,"$  145,600","$  42,323",249
92346.0,7.57  kW,"$  237,300","$  59,995",306
92347.0,4.62  kW,"$  112,500","$  69,702",4
92350.0,7.48  kW,$  0,$  0,2
92352.0,5.4  kW,"$  319,500","$  72,479",22
92354.0,6.35  kW,"$  276,300","$  63,871",234
92356.0,8.55  kW,"$  101,800","$  33,582",36
92357.0,308.88  kW,$  0,$  0,2
92358.0,7.05  kW,"$  172,100","$  71,000",1
92359.0,6.61  kW,"$  215,900","$  53,807",56
92363.0,4.56  kW,"$  103,200","$  32,710",4
92364.0,20.48  kW,$  0,"$  102,500",2
92365.0,5.42  kW,"$  166,400","$  55,169",26
92368.0,4.1  kW,"$  84,700","$  33,125",1
92369.0,1128.6  kW,$  0,$  0,1
92371.0,27.08  kW,"$  134,400","$  50,744",71
92372.0,10.95  kW,"$  149,300","$  43,036",27
92373.0,8.53  kW,"$  368,500","$  63,948",957
92374.0,11.3  kW,"$  247,700","$  66,590",196
92376.0,31.47  kW,"$  164,600","$  44,965",66
92377.0,5.29  kW,"$  248,200","$  80,130",52
92382.0,4.13  kW,"$  210,800","$  66,875",16
92384.0,19.36  kW,$  0,"$  80,729",1
92389.0,8.5  kW,"$  68,800","$  12,000",2
92391.0,15.6  kW,"$  214,200","$  37,150",1
92392.0,10.0  kW,"$  142,700","$  56,277",147
92394.0,11.46  kW,"$  137,100","$  51,500",100
92395.0,15.76  kW,"$  136,800","$  38,709",213
92397.0,5.62  kW,"$  257,500","$  54,000",5
92398.0,6.86  kW,"$  109,100","$  63,750",4
92399.0,6.79  kW,"$  225,100","$  59,302",946
92401.0,109.09  kW,"$  73,800","$  16,649",16
92404.0,5.94  kW,"$  160,300","$  38,767",324
92405.0,10.52  kW,"$  133,300","$  37,591",52
92407.0,13.87  kW,"$  192,400","$  51,702","1,143"
92408.0,194.21  kW,"$  169,200","$  33,750",46
92410.0,50.8  kW,"$  83,100","$  27,120",36
92411.0,8.1  kW,"$  113,800","$  32,747",20
92501.0,4.88  kW,"$  188,300","$  48,610",7
92503.0,12.58  kW,"$  231,000","$  55,051",280
92504.0,7.27  kW,"$  226,900","$  57,052",414
92506.0,5.82  kW,"$  321,400","$  78,116",22
92507.0,5.97  kW,"$  230,500","$  41,051",54
92508.0,6.75  kW,"$  337,100","$  92,684",79
92509.0,13.8  kW,"$  213,100","$  57,286",744
92518.0,744.24  kW,"$  219,400","$  68,261",9
92530.0,6.21  kW,"$  185,900","$  49,552",378
92532.0,8.46  kW,"$  246,900","$  87,361",238
92536.0,17.22  kW,"$  160,600","$  44,010",22
92543.0,15.06  kW,"$  78,500","$  27,163",118
92544.0,8.35  kW,"$  141,100","$  42,084",574
92545.0,42.02  kW,"$  145,900","$  40,119",234
92546.0,2.38  kW,$  0,$  0,1
92548.0,6.97  kW,"$  88,700","$  39,464",26
92549.0,6.21  kW,"$  254,800","$  60,625",10
92551.0,58.22  kW,"$  170,400","$  50,449",43
92553.0,10.4  kW,"$  157,400","$  42,984",46
92554.0,3.04  kW,$  0,$  0,1
92555.0,6.04  kW,"$  237,000","$  73,352",264
92557.0,6.34  kW,"$  203,800","$  60,655",152
92561.0,4.16  kW,"$  292,200","$  78,630",6
92562.0,12.7  kW,"$  302,900","$  75,448","1,382"
92563.0,8.39  kW,"$  283,900","$  77,105",852
92567.0,5.99  kW,"$  213,000","$  55,069",104
92570.0,9.86  kW,"$  169,500","$  42,698",342
92571.0,5.33  kW,"$  167,700","$  51,116",51
92581.0,7.55  kW,$  0,$  0,5
92582.0,5.7  kW,"$  157,700","$  58,262",76
92583.0,11.56  kW,"$  123,000","$  39,528",294
92584.0,7.1  kW,"$  257,500","$  75,928",654
92585.0,5.82  kW,"$  198,900","$  63,413",357
92586.0,5.1  kW,"$  137,800","$  36,394",168
92587.0,7.44  kW,"$  270,200","$  68,620",714
92589.0,6.53  kW,$  0,$  0,18
92590.0,26.5  kW,"$  758,900","$  49,423",132
92591.0,18.37  kW,"$  304,700","$  70,380",404
92592.0,7.69  kW,"$  333,200","$  89,541","1,290"
92595.0,6.15  kW,"$  230,200","$  61,525",216
92596.0,10.85  kW,"$  278,700","$  85,914",450
92602.0,7.33  kW,"$  703,100","$  104,149",52
92603.0,14.03  kW,"$  1,000,000","$  120,686",75
92604.0,21.1  kW,"$  596,500","$  91,180",69
92605.0,4.16  kW,$  0,$  0,26
92606.0,11.64  kW,"$  662,700","$  90,228",56
92607.0,150.52  kW,$  0,$  0,6
92609.0,6.19  kW,$  0,$  0,4
92610.0,12.22  kW,"$  601,800","$  120,984",240
92612.0,25.53  kW,"$  584,800","$  67,039",26
92614.0,31.38  kW,"$  610,600","$  95,984",33
92617.0,11.23  kW,"$  397,300","$  41,536",26
92618.0,125.45  kW,"$  552,100","$  97,470",43
92620.0,16.35  kW,"$  733,800","$  102,160",125
92624.0,4.04  kW,"$  680,700","$  71,469",48
92625.0,7.47  kW,"$  1,000,000","$  125,735",118
92626.0,8.52  kW,"$  606,400","$  80,132",162
92627.0,6.93  kW,"$  557,000","$  57,708",80
92629.0,5.51  kW,"$  719,500","$  88,384",132
92630.0,5.2  kW,"$  487,500","$  84,785",532
92637.0,5.31  kW,"$  200,800","$  36,737",54
92646.0,6.82  kW,"$  594,100","$  87,110",816
92647.0,7.09  kW,"$  603,900","$  74,637",354
92648.0,27.09  kW,"$  759,300","$  85,857",309
92649.0,4.88  kW,"$  634,100","$  86,469",268
92650.0,1.58  kW,$  0,$  0,2
92651.0,5.57  kW,"$  1,000,000","$  98,697",135
92652.0,3.4  kW,$  0,$  0,2
92653.0,6.17  kW,"$  592,400","$  92,806",712
92655.0,7.16  kW,"$  378,900","$  45,568",8
92656.0,7.17  kW,"$  467,700","$  101,292",312
92657.0,6.08  kW,"$  1,000,000","$  163,486",60
92660.0,9.99  kW,"$  1,000,000","$  112,008",100
92661.0,8.48  kW,"$  1,000,000","$  93,099",8
92662.0,6.52  kW,"$  1,000,000","$  82,857",21
92663.0,6.47  kW,"$  1,000,000","$  86,967",34
92672.0,5.86  kW,"$  721,800","$  75,411",75
92673.0,11.19  kW,"$  731,400","$  125,629",128
92675.0,5.56  kW,"$  497,500","$  72,465",318
92676.0,6.51  kW,"$  433,100","$  84,750",33
92677.0,14.65  kW,"$  668,900","$  98,264",422
92678.0,8.69  kW,"$  548,900","$  84,250",6
92679.0,5.94  kW,"$  739,400","$  149,538","2,464"
92683.0,11.28  kW,"$  455,200","$  53,559",176
92688.0,6.51  kW,"$  491,400","$  100,694",660
92691.0,6.01  kW,"$  545,800","$  93,713",963
92692.0,5.15  kW,"$  578,700","$  102,045",555
92694.0,8.08  kW,"$  646,800","$  137,122",390
92697.0,893.1  kW,$  0,$  0,3
92701.0,5.49  kW,"$  313,000","$  39,060",22
92703.0,11.1  kW,"$  302,400","$  50,047",32
92704.0,29.67  kW,"$  343,400","$  59,412",111
92705.0,13.12  kW,"$  723,900","$  82,675","1,062"
92706.0,4.92  kW,"$  439,100","$  58,500",98
92707.0,50.92  kW,"$  318,400","$  57,038",58
92708.0,6.33  kW,"$  604,800","$  82,005",675
92780.0,10.85  kW,"$  462,100","$  64,089",122
92782.0,19.84  kW,"$  652,000","$  102,755",64
92801.0,1.8  kW,"$  343,700","$  47,672",1
92804.0,4.59  kW,"$  367,000","$  52,408",28
92807.0,3.98  kW,"$  561,800","$  94,697",4
92821.0,18.87  kW,"$  516,000","$  80,163",169
92823.0,22.49  kW,"$  662,900","$  124,712",18
92831.0,22.94  kW,"$  481,300","$  57,333",88
92832.0,5.81  kW,"$  417,100","$  58,853",52
92833.0,4.86  kW,"$  467,100","$  67,019",87
92835.0,7.52  kW,"$  640,500","$  92,397",169
92840.0,4.57  kW,"$  378,400","$  61,934",84
92841.0,11.1  kW,"$  396,700","$  53,059",51
92843.0,28.47  kW,"$  374,000","$  52,536",24
92844.0,5.45  kW,"$  383,700","$  48,345",23
92845.0,4.53  kW,"$  481,200","$  89,026",64
92856.0,4.54  kW,$  0,$  0,11
92860.0,6.06  kW,"$  395,000","$  85,361",246
92861.0,7.29  kW,"$  934,200","$  150,864",252
92862.0,4.16  kW,$  0,$  0,1
92865.0,13.98  kW,"$  455,300","$  85,251",87
92866.0,6.55  kW,"$  553,500","$  62,589",28
92867.0,7.07  kW,"$  587,600","$  78,072",468
92868.0,28.46  kW,"$  350,400","$  63,610",27
92869.0,5.81  kW,"$  558,500","$  88,160",242
92870.0,5.09  kW,"$  512,300","$  80,037",261
92877.0,5.99  kW,$  0,$  0,7
92879.0,17.01  kW,"$  268,200","$  62,677",96
92880.0,9.14  kW,"$  390,300","$  101,303",700
92881.0,8.86  kW,"$  376,100","$  94,196",280
92882.0,5.57  kW,"$  337,600","$  71,793",230
92883.0,5.61  kW,"$  343,700","$  93,917",729
92885.0,6.86  kW,$  0,$  0,9
92886.0,6.61  kW,"$  672,800","$  110,054",379
92887.0,8.74  kW,"$  696,200","$  126,984",168
93001.0,5.36  kW,"$  418,500","$  54,945",288
93003.0,12.35  kW,"$  431,900","$  69,616",282
93004.0,8.5  kW,"$  411,800","$  76,027",255
93006.0,6.08  kW,$  0,$  0,1
93010.0,5.76  kW,"$  474,400","$  86,505",247
93012.0,14.85  kW,"$  482,300","$  93,523",612
93013.0,7.38  kW,"$  603,200","$  68,884",58
93015.0,9.2  kW,"$  306,600","$  56,567",37
93020.0,3.25  kW,$  0,$  0,2
93021.0,13.81  kW,"$  536,900","$  99,537",182
93022.0,5.93  kW,"$  393,400","$  73,433",35
93023.0,7.76  kW,"$  524,500","$  64,843",424
93030.0,29.48  kW,"$  353,200","$  57,860",149
93033.0,46.65  kW,"$  272,400","$  55,210",23
93035.0,3.84  kW,"$  395,500","$  83,038",29
93036.0,44.21  kW,"$  359,100","$  65,701",41
93040.0,2.87  kW,"$  205,500","$  45,877",60
93041.0,4.31  kW,"$  286,800","$  52,371",36
93043.0,45.92  kW,$  0,$  0,10
93060.0,68.03  kW,"$  316,500","$  54,782",39
93062.0,4.76  kW,$  0,$  0,5
93063.0,6.16  kW,"$  428,900","$  83,974",660
93064.0,98.01  kW,$  0,$  0,3
93065.0,8.85  kW,"$  450,500","$  94,173",461
93066.0,7.13  kW,"$  862,600","$  75,380",26
93067.0,6.24  kW,"$  859,400","$  75,862",1
93101.0,11.84  kW,"$  710,100","$  54,945",54
93103.0,6.07  kW,"$  812,600","$  67,383",61
93105.0,5.62  kW,"$  882,300","$  81,308",152
93106.0,41.18  kW,$  0,$  0,16
93108.0,6.05  kW,"$  1,000,000","$  125,272",334
93109.0,7.65  kW,"$  911,600","$  99,638",71
93110.0,19.89  kW,"$  707,100","$  75,915",210
93111.0,7.47  kW,"$  740,300","$  94,933",224
93117.0,12.86  kW,"$  631,000","$  55,801",644
93202.0,6.77  kW,"$  107,500","$  38,733",9
93203.0,12.12  kW,"$  101,000","$  35,429",60
93204.0,7.26  kW,"$  115,100","$  29,302",9
93205.0,4.7  kW,"$  118,500","$  20,349",8
93206.0,7.15  kW,"$  158,800","$  41,488",2
93207.0,16.56  kW,"$  141,700","$  34,750",2
93208.0,11.28  kW,"$  118,800","$  88,750",2
93210.0,50.4  kW,"$  155,800","$  50,290",26
93212.0,8.42  kW,"$  115,100","$  34,565",21
93215.0,179.24  kW,"$  145,500","$  36,321",48
93218.0,226.41  kW,"$  96,700","$  24,118",4
93219.0,148.36  kW,"$  115,700","$  23,458",8
93220.0,260.05  kW,$  0,$  0,2
93221.0,11.08  kW,"$  187,600","$  48,470",141
93222.0,5.17  kW,"$  162,200","$  45,551",9
93223.0,18.44  kW,"$  105,500","$  32,273",13
93225.0,4.51  kW,"$  209,800","$  44,111",15
93226.0,8.84  kW,"$  229,200","$  58,854",4
93227.0,3.64  kW,$  0,$  0,48
93230.0,27.6  kW,"$  173,600","$  53,008",354
93234.0,219.2  kW,"$  118,800","$  29,304",8
93235.0,7.02  kW,"$  109,000","$  32,783",2
93238.0,6.26  kW,"$  230,000","$  58,012",10
93239.0,56.43  kW,"$  78,800","$  61,319",4
93240.0,5.37  kW,"$  123,000","$  26,054",44
93241.0,439.08  kW,"$  83,700","$  31,886",4
93242.0,8.14  kW,"$  173,500","$  40,109",18
93243.0,1795.5  kW,"$  170,200","$  60,724",3
93244.0,6.6  kW,"$  228,900","$  36,406",12
93245.0,19.26  kW,"$  197,200","$  51,280",414
93247.0,6.02  kW,"$  143,700","$  34,505",282
93249.0,7.12  kW,"$  107,500","$  33,011",2
93250.0,107.99  kW,"$  119,800","$  34,961",10
93252.0,5.76  kW,"$  64,000","$  31,771",1
93254.0,8.4  kW,"$  103,900","$  32,750",2
93255.0,6.2  kW,"$  87,800","$  29,030",4
93256.0,7.68  kW,"$  118,900","$  27,361",8
93257.0,20.43  kW,"$  147,800","$  39,551",927
93261.0,7.56  kW,"$  112,200","$  29,005",1
93262.0,21.42  kW,$  0,$  0,2
93263.0,52.95  kW,"$  139,600","$  40,833",87
93265.0,7.92  kW,"$  279,400","$  60,587",48
93266.0,30.19  kW,"$  103,800","$  24,122",7
93267.0,68.18  kW,"$  147,800","$  33,162",28
93268.0,22.72  kW,"$  124,800","$  46,615",50
93270.0,85.48  kW,"$  159,100","$  27,807",25
93271.0,5.39  kW,"$  276,300","$  43,913",31
93272.0,9.79  kW,"$  121,800","$  34,505",5
93274.0,14.39  kW,"$  159,900","$  45,591",309
93276.0,53.97  kW,"$  67,000","$  45,313",2
93277.0,11.7  kW,"$  169,100","$  51,056",247
93280.0,90.16  kW,"$  123,100","$  39,206",40
93282.0,7.78  kW,$  0,$  0,4
93283.0,4.6  kW,"$  89,500","$  29,848",11
93285.0,8.56  kW,"$  168,100","$  31,144",24
93286.0,5.92  kW,"$  138,200","$  41,579",80
93290.0,7.26  kW,$  0,$  0,1
93291.0,12.0  kW,"$  211,300","$  50,833",337
93292.0,13.6  kW,"$  169,400","$  51,341",227
93301.0,21.58  kW,"$  111,000","$  30,963",31
93304.0,15.58  kW,"$  98,700","$  35,150",66
93305.0,31.51  kW,"$  106,300","$  29,812",42
93306.0,8.18  kW,"$  149,800","$  52,203",290
93307.0,58.73  kW,"$  107,000","$  34,358",101
93308.0,16.95  kW,"$  167,800","$  41,737",297
93309.0,6.64  kW,"$  158,100","$  47,369",235
93311.0,10.36  kW,"$  242,300","$  87,720",408
93312.0,7.0  kW,"$  240,600","$  93,588",800
93313.0,19.38  kW,"$  173,700","$  64,803",639
93314.0,7.59  kW,"$  294,000","$  96,446",595
93401.0,14.54  kW,"$  555,900","$  52,906",486
93402.0,6.53  kW,"$  376,000","$  57,241",368
93403.0,86.24  kW,$  0,$  0,2
93405.0,10.02  kW,"$  566,300","$  41,488",268
93420.0,6.71  kW,"$  520,800","$  66,506",564
93422.0,5.88  kW,"$  387,400","$  66,014",166
93423.0,4.5  kW,$  0,$  0,1
93424.0,4.96  kW,"$  578,200","$  77,679",3
93426.0,13.23  kW,"$  368,600","$  57,014",64
93427.0,8.95  kW,"$  436,100","$  62,969",10
93428.0,4.37  kW,"$  628,700","$  63,514",21
93430.0,5.24  kW,"$  643,400","$  52,329",22
93432.0,7.83  kW,"$  379,000","$  53,571",23
93433.0,4.45  kW,"$  387,400","$  49,418",21
93434.0,13.47  kW,"$  195,900","$  45,191",16
93435.0,6.93  kW,$  0,$  0,2
93436.0,6.51  kW,"$  248,500","$  54,980",82
93440.0,4.76  kW,"$  364,200","$  63,112",16
93441.0,5.68  kW,"$  825,300","$  95,625",19
93442.0,13.48  kW,"$  471,500","$  52,579",42
93444.0,4.78  kW,"$  391,500","$  61,379",157
93445.0,2.66  kW,"$  251,700","$  50,000",13
93446.0,22.03  kW,"$  361,900","$  64,974","1,848"
93447.0,6.62  kW,$  0,$  0,2
93449.0,4.87  kW,"$  585,200","$  67,500",44
93451.0,25.79  kW,"$  272,600","$  54,205",174
93453.0,5.36  kW,"$  341,900","$  51,520",60
93454.0,43.93  kW,"$  269,500","$  52,564",196
93455.0,13.94  kW,"$  325,800","$  72,212",134
93458.0,66.88  kW,"$  217,600","$  43,803",10
93460.0,8.85  kW,"$  746,800","$  91,737",92
93461.0,9.14  kW,"$  174,300","$  59,738",18
93463.0,6.72  kW,"$  746,600","$  66,771",94
93464.0,6.71  kW,$  0,$  0,2
93465.0,6.31  kW,"$  472,900","$  83,194",137
93501.0,71.59  kW,"$  67,000","$  32,897",28
93504.0,7.5  kW,$  0,$  0,2
93505.0,15.73  kW,"$  90,600","$  57,731",158
93510.0,7.25  kW,"$  416,500","$  89,403",122
93512.0,5.25  kW,"$  220,000","$  26,000",4
93513.0,7.59  kW,"$  212,200","$  47,833",1
93514.0,10.79  kW,"$  277,100","$  51,250",891
93516.0,56.2  kW,"$  59,300","$  30,708",28
93517.0,7.91  kW,"$  163,600","$  60,139",4
93518.0,3.68  kW,"$  171,200","$  28,005",24
93523.0,434.67  kW,"$  49,000","$  53,456",40
93527.0,6.18  kW,"$  158,600","$  52,123",54
93531.0,6.58  kW,"$  228,100","$  66,983",8
93532.0,17.15  kW,"$  196,700","$  54,769",70
93534.0,62.49  kW,"$  128,000","$  35,600",636
93535.0,53.11  kW,"$  120,300","$  42,835","1,380"
93536.0,20.18  kW,"$  215,100","$  70,724","3,654"
93541.0,10.21  kW,"$  311,400","$  53,750",15
93543.0,30.1  kW,"$  152,000","$  57,588",117
93544.0,109.88  kW,"$  164,300","$  52,000",14
93546.0,45.87  kW,"$  471,800","$  65,156",100
93550.0,52.4  kW,"$  141,000","$  38,502",327
93551.0,15.67  kW,"$  247,200","$  85,200","1,784"
93552.0,45.71  kW,"$  161,000","$  56,738",97
93553.0,5.79  kW,"$  174,400","$  48,063",24
93555.0,9.33  kW,"$  177,000","$  62,533",690
93560.0,10.95  kW,"$  125,500","$  56,875",620
93561.0,32.05  kW,"$  211,400","$  60,513","1,100"
93562.0,6.05  kW,"$  39,900","$  30,478",20
93591.0,5.4  kW,"$  88,900","$  39,880",33
93601.0,6.83  kW,"$  283,800","$  61,466",42
93602.0,7.16  kW,"$  220,400","$  59,125",68
93603.0,8.24  kW,"$  424,700","$  51,250",6
93607.0,1.4  kW,$  0,$  0,2
93609.0,112.15  kW,"$  215,900","$  43,322",29
93610.0,39.86  kW,"$  150,900","$  39,051",189
93611.0,7.01  kW,"$  255,300","$  77,930",674
93612.0,13.85  kW,"$  147,200","$  37,207",128
93614.0,6.35  kW,"$  213,500","$  50,858",124
93615.0,240.08  kW,"$  131,300","$  25,327",4
93616.0,7.81  kW,"$  200,000","$  31,250",8
93618.0,41.24  kW,"$  150,100","$  38,269",138
93619.0,7.92  kW,"$  362,100","$  104,557",774
93620.0,20.56  kW,"$  113,700","$  34,869",11
93621.0,3.36  kW,"$  380,000","$  31,544",1
93622.0,34.7  kW,"$  107,500","$  32,125",34
93624.0,10.0  kW,"$  98,300","$  33,600",3
93625.0,25.4  kW,"$  232,900","$  42,250",42
93626.0,9.34  kW,"$  369,700","$  26,958",19
93630.0,25.95  kW,"$  182,000","$  42,303",57
93631.0,41.1  kW,"$  233,200","$  58,381",125
93635.0,40.89  kW,"$  152,600","$  45,056",67
93636.0,11.11  kW,"$  259,200","$  75,160",203
93637.0,34.56  kW,"$  161,700","$  49,121",254
93638.0,11.43  kW,"$  136,800","$  36,890",132
93640.0,18.39  kW,"$  106,600","$  25,741",8
93641.0,4.45  kW,"$  87,500","$  42,222",4
93643.0,6.79  kW,"$  264,000","$  48,617",17
93644.0,6.48  kW,"$  246,800","$  44,223",37
93645.0,4.84  kW,"$  319,000","$  93,529",3
93646.0,8.04  kW,"$  120,200","$  27,914",8
93647.0,6.54  kW,"$  136,000","$  32,898",28
93648.0,292.03  kW,"$  115,200","$  32,175",9
93650.0,21.73  kW,"$  45,000","$  31,818",108
93651.0,7.59  kW,"$  305,000","$  90,179",27
93652.0,10.2  kW,"$  137,500","$  22,917",1
93653.0,7.58  kW,"$  272,900","$  46,121",13
93654.0,18.99  kW,"$  170,700","$  47,882",194
93656.0,58.52  kW,"$  161,400","$  45,485",16
93657.0,10.32  kW,"$  178,900","$  49,785",700
93660.0,3.96  kW,"$  106,600","$  26,223",4
93662.0,32.5  kW,"$  165,200","$  43,442",182
93664.0,7.39  kW,"$  486,900","$  96,563",2
93666.0,4.95  kW,"$  67,700","$  24,276",1
93667.0,6.29  kW,"$  274,100","$  53,385",13
93668.0,12.45  kW,"$  174,700","$  38,665",4
93675.0,6.03  kW,"$  153,900","$  63,105",30
93701.0,3.71  kW,"$  99,700","$  18,553",9
93702.0,3.7  kW,"$  91,000","$  26,031",25
93703.0,13.01  kW,"$  104,300","$  28,406",24
93704.0,6.12  kW,"$  202,400","$  48,461",117
93705.0,5.41  kW,"$  126,900","$  32,635",50
93706.0,16.57  kW,"$  117,400","$  29,197",336
93707.0,6.86  kW,$  0,$  0,1
93710.0,9.27  kW,"$  182,300","$  42,844",151
93711.0,8.66  kW,"$  302,600","$  63,934",425
93712.0,8.28  kW,$  0,$  0,1
93720.0,9.93  kW,"$  266,000","$  77,092",469
93721.0,67.62  kW,"$  115,300","$  11,922",3
93722.0,7.32  kW,"$  175,700","$  54,381",358
93723.0,7.66  kW,"$  283,400","$  69,055",82
93724.0,4.18  kW,$  0,$  0,2
93725.0,81.63  kW,"$  136,000","$  35,635",246
93726.0,5.52  kW,"$  135,100","$  32,471",76
93727.0,21.89  kW,"$  189,300","$  46,394",340
93728.0,14.66  kW,"$  113,900","$  32,658",20
93730.0,8.08  kW,"$  367,500","$  120,672",203
93737.0,8.37  kW,$  0,$  0,30
93901.0,31.03  kW,"$  342,500","$  49,491",28
93905.0,49.83  kW,"$  218,600","$  42,807",30
93906.0,15.97  kW,"$  257,400","$  55,082",23
93907.0,17.84  kW,"$  349,600","$  68,078",126
93908.0,6.8  kW,"$  600,500","$  113,826",351
93920.0,46.22  kW,"$  1,000,000","$  57,670",20
93921.0,3.43  kW,"$  1,000,000","$  62,230",45
93923.0,10.92  kW,"$  896,300","$  98,219",202
93924.0,7.27  kW,"$  777,100","$  92,137",368
93925.0,12.67  kW,"$  279,500","$  60,000",2
93926.0,184.17  kW,"$  205,100","$  51,044",9
93927.0,3.24  kW,"$  183,800","$  52,233",65
93928.0,1162.56  kW,$  0,"$  77,250",3
93930.0,6.21  kW,"$  190,300","$  42,454",22
93932.0,7.11  kW,"$  412,200","$  94,712",12
93933.0,51.09  kW,"$  358,300","$  53,955",62
93940.0,7.24  kW,"$  631,800","$  67,716",416
93950.0,3.4  kW,"$  673,900","$  70,230",52
93953.0,5.46  kW,"$  905,900","$  102,396",12
93955.0,42.53  kW,"$  344,200","$  52,420",68
93960.0,55.25  kW,"$  205,700","$  47,098",22
93962.0,5.56  kW,"$  509,800","$  80,288",4
94002.0,5.6  kW,"$  909,200","$  105,985",111
94005.0,3.79  kW,"$  609,700","$  80,233",7
94010.0,8.85  kW,"$  1,000,000","$  118,125",500
94014.0,17.38  kW,"$  534,200","$  71,668",58
94015.0,35.78  kW,"$  581,800","$  78,564",58
94018.0,4.32  kW,$  0,$  0,39
94019.0,12.03  kW,"$  735,000","$  103,378",148
94020.0,6.87  kW,"$  730,500","$  92,356",19
94021.0,14.49  kW,"$  928,600","$  93,810",1
94022.0,11.94  kW,"$  1,000,000","$  182,750","1,164"
94024.0,6.29  kW,"$  1,000,000","$  167,546","1,056"
94025.0,9.38  kW,"$  1,000,000","$  119,095",696
94027.0,9.54  kW,"$  1,000,000","$  236,912",212
94028.0,10.63  kW,"$  1,000,000","$  180,174",588
94030.0,18.01  kW,"$  915,100","$  92,006",53
94035.0,4.32  kW,$  0,$  0,24
94037.0,6.49  kW,"$  770,500","$  147,568",22
94038.0,4.18  kW,"$  649,800","$  81,622",23
94039.0,49.0  kW,$  0,$  0,1
94040.0,9.39  kW,"$  1,000,000","$  101,912",690
94041.0,5.95  kW,"$  860,700","$  88,810",86
94043.0,24.91  kW,"$  675,100","$  100,844",67
94044.0,10.93  kW,"$  614,100","$  96,719",216
94060.0,9.2  kW,"$  750,000","$  60,089",9
94061.0,4.32  kW,"$  799,500","$  81,907",262
94062.0,8.13  kW,"$  1,000,000","$  126,557","1,236"
94063.0,48.29  kW,"$  474,200","$  54,003",23
94065.0,4.35  kW,"$  869,100","$  132,462",10
94066.0,22.63  kW,"$  602,000","$  81,369",74
94070.0,8.62  kW,"$  942,400","$  125,335",222
94080.0,30.83  kW,"$  589,900","$  78,378",332
94085.0,65.97  kW,"$  517,500","$  92,489",35
94086.0,11.34  kW,"$  688,000","$  100,215",105
94087.0,7.83  kW,"$  948,700","$  122,354",375
94089.0,66.92  kW,"$  169,500","$  88,797",18
94102.0,25.32  kW,"$  579,300","$  24,127",18
94103.0,22.52  kW,"$  636,700","$  41,612",63
94104.0,1.15  kW,"$  1,000,000","$  80,341",1
94107.0,4.1  kW,"$  747,800","$  120,610",127
94108.0,7.7  kW,"$  860,600","$  36,875",4
94109.0,7.22  kW,"$  748,500","$  63,173",102
94110.0,2.91  kW,"$  787,100","$  84,488",380
94111.0,393.97  kW,"$  908,900","$  103,472",3
94112.0,2.13  kW,"$  612,700","$  71,505",282
94114.0,2.87  kW,"$  1,000,000","$  122,970",286
94115.0,11.92  kW,"$  979,000","$  85,330",92
94116.0,2.75  kW,"$  763,200","$  84,828",148
94117.0,3.05  kW,"$  938,400","$  103,333",163
94118.0,4.35  kW,"$  1,000,000","$  82,993",117
94119.0,5.76  kW,$  0,$  0,1
94121.0,3.0  kW,"$  864,200","$  70,220",88
94122.0,2.61  kW,"$  797,400","$  86,070",206
94123.0,3.88  kW,"$  1,000,000","$  121,200",68
94124.0,4.98  kW,"$  474,300","$  49,594",213
94126.0,4.83  kW,$  0,$  0,1
94127.0,3.35  kW,"$  938,800","$  131,108",148
94129.0,27.62  kW,"$  1,000,000","$  144,886",6
94131.0,2.96  kW,"$  873,100","$  100,114",226
94132.0,4.09  kW,"$  747,100","$  66,607",59
94133.0,10.21  kW,"$  953,900","$  53,150",26
94134.0,2.59  kW,"$  555,700","$  60,230",130
94139.0,7.53  kW,$  0,$  0,3
94303.0,14.99  kW,"$  1,000,000","$  89,464",84
94304.0,10.96  kW,"$  1,000,000","$  101,932",2
94305.0,6.58  kW,"$  1,000,000","$  51,976",94
94401.0,28.47  kW,"$  573,100","$  72,279",41
94402.0,13.83  kW,"$  1,000,000","$  115,807",101
94403.0,12.86  kW,"$  790,300","$  95,189",111
94404.0,6.07  kW,"$  810,400","$  114,779",140
94503.0,42.05  kW,"$  315,600","$  81,918",162
94505.0,6.07  kW,"$  385,700","$  111,833",302
94506.0,10.08  kW,"$  959,000","$  176,241",418
94507.0,8.19  kW,"$  1,000,000","$  163,219",252
94508.0,9.01  kW,"$  546,200","$  72,411",28
94509.0,11.49  kW,"$  211,800","$  54,372",251
94510.0,22.6  kW,"$  425,100","$  89,500",130
94511.0,5.19  kW,"$  187,900","$  36,845",6
94512.0,4.51  kW,$  0,"$  64,583",1
94513.0,6.87  kW,"$  369,100","$  89,607",435
94514.0,48.07  kW,"$  330,900","$  51,992",66
94515.0,19.25  kW,"$  463,300","$  62,182",67
94517.0,10.36  kW,"$  584,100","$  121,367",148
94518.0,29.34  kW,"$  436,300","$  73,040",132
94519.0,19.05  kW,"$  339,800","$  67,607",59
94520.0,45.64  kW,"$  261,900","$  47,656",136
94521.0,17.77  kW,"$  402,100","$  84,819",184
94522.0,2.04  kW,$  0,$  0,1
94523.0,22.84  kW,"$  515,800","$  81,685",378
94525.0,6.14  kW,"$  357,900","$  81,667",10
94526.0,10.68  kW,"$  836,300","$  128,802",354
94528.0,13.14  kW,"$  1,000,000","$  162,328",14
94530.0,5.26  kW,"$  587,500","$  87,598",130
94531.0,9.31  kW,"$  282,000","$  88,693",137
94533.0,47.92  kW,"$  213,400","$  56,973",106
94534.0,5.7  kW,"$  344,600","$  91,882",288
94536.0,4.57  kW,"$  564,400","$  92,107",188
94537.0,8.28  kW,$  0,$  0,1
94538.0,42.06  kW,"$  495,100","$  87,652",90
94539.0,11.84  kW,"$  912,600","$  144,152",282
94540.0,3.78  kW,$  0,$  0,4
94541.0,12.55  kW,"$  332,100","$  57,895",52
94542.0,5.01  kW,"$  535,400","$  80,327",77
94543.0,5.98  kW,$  0,$  0,1
94544.0,17.38  kW,"$  323,500","$  59,699",53
94545.0,144.89  kW,"$  357,900","$  71,723",32
94546.0,13.0  kW,"$  476,700","$  75,500",302
94547.0,13.39  kW,"$  373,100","$  100,204",74
94548.0,8.71  kW,"$  743,200","$  85,000",7
94549.0,7.89  kW,"$  976,600","$  137,344",350
94550.0,8.41  kW,"$  571,900","$  102,952",592
94551.0,29.27  kW,"$  451,800","$  98,321",219
94552.0,8.26  kW,"$  672,100","$  132,826",264
94553.0,18.94  kW,"$  375,800","$  76,669",693
94555.0,4.36  kW,"$  587,000","$  114,603",30
94556.0,5.81  kW,"$  905,400","$  133,088",132
94558.0,13.54  kW,"$  459,400","$  72,720",878
94559.0,13.07  kW,"$  420,200","$  58,363",102
94560.0,10.9  kW,"$  455,500","$  86,521",62
94561.0,5.88  kW,"$  249,200","$  77,706",171
94562.0,109.09  kW,$  0,$  0,7
94563.0,5.99  kW,"$  987,500","$  166,147",226
94564.0,4.93  kW,"$  346,500","$  74,283",45
94565.0,33.98  kW,"$  217,400","$  55,865",648
94566.0,7.35  kW,"$  808,300","$  120,401",517
94567.0,7.76  kW,"$  206,500","$  58,643",2
94568.0,18.06  kW,"$  575,500","$  113,616",366
94571.0,4.05  kW,"$  216,700","$  61,563",28
94572.0,5.7  kW,"$  308,800","$  68,701",12
94573.0,51.58  kW,$  0,"$  61,310",15
94574.0,43.67  kW,"$  893,500","$  81,788",124
94576.0,17.63  kW,$  0,"$  40,341",2
94577.0,10.53  kW,"$  381,300","$  64,660",72
94578.0,9.87  kW,"$  340,500","$  49,095",24
94579.0,17.31  kW,"$  373,200","$  75,481",23
94580.0,51.66  kW,"$  352,500","$  71,177",30
94582.0,17.23  kW,"$  806,900","$  138,371",194
94583.0,8.25  kW,"$  659,000","$  121,948",235
94585.0,34.73  kW,"$  215,600","$  70,721",76
94586.0,7.71  kW,"$  794,800","$  85,000",10
94587.0,18.67  kW,"$  484,300","$  82,564",75
94588.0,8.97  kW,"$  664,100","$  127,684",244
94589.0,40.09  kW,"$  180,900","$  56,154",63
94590.0,25.67  kW,"$  178,800","$  40,826",36
94591.0,9.05  kW,"$  264,300","$  73,870",84
94592.0,2.88  kW,"$  330,400","$  107,660",2
94595.0,5.78  kW,"$  391,300","$  58,659",71
94596.0,9.58  kW,"$  722,300","$  78,856",139
94597.0,13.12  kW,"$  569,500","$  88,012",73
94598.0,11.98  kW,"$  746,400","$  121,337",293
94599.0,33.24  kW,"$  594,100","$  66,136",15
94601.0,6.22  kW,"$  262,300","$  39,601",55
94602.0,5.33  kW,"$  547,500","$  68,813",218
94603.0,26.77  kW,"$  206,800","$  40,962",21
94605.0,4.53  kW,"$  370,200","$  57,610",78
94606.0,15.52  kW,"$  337,200","$  37,288",18
94607.0,22.66  kW,"$  347,500","$  34,192",61
94608.0,31.54  kW,"$  361,300","$  55,959",88
94609.0,3.29  kW,"$  517,500","$  56,378",51
94610.0,4.88  kW,"$  690,300","$  73,850",220
94611.0,4.58  kW,"$  812,100","$  107,577",582
94612.0,29.61  kW,"$  362,600","$  30,879",10
94618.0,3.9  kW,"$  886,200","$  123,575",332
94619.0,16.79  kW,"$  457,500","$  78,676",98
94621.0,25.95  kW,"$  180,700","$  30,528",27
94701.0,25.9  kW,$  0,$  0,13
94702.0,3.7  kW,"$  551,900","$  59,628",75
94703.0,5.46  kW,"$  617,500","$  58,613",88
94704.0,7.53  kW,"$  723,600","$  30,997",27
94705.0,4.93  kW,"$  951,200","$  96,537",151
94706.0,3.68  kW,"$  633,000","$  81,746",267
94707.0,3.83  kW,"$  874,100","$  136,331",516
94708.0,3.95  kW,"$  867,800","$  145,610",294
94709.0,4.31  kW,"$  702,600","$  59,150",43
94710.0,15.06  kW,"$  560,700","$  60,952",70
94801.0,13.62  kW,"$  165,200","$  38,856",450
94803.0,8.19  kW,"$  340,700","$  76,232",276
94804.0,31.19  kW,"$  228,000","$  49,541",124
94805.0,3.13  kW,"$  298,900","$  66,079",98
94806.0,72.3  kW,"$  237,000","$  52,173",132
94807.0,4.32  kW,$  0,$  0,1
94901.0,7.33  kW,"$  777,100","$  76,909",388
94903.0,6.94  kW,"$  627,100","$  86,196",592
94904.0,8.36  kW,"$  1,000,000","$  102,237",330
94914.0,4.05  kW,$  0,$  0,2
94920.0,5.91  kW,"$  1,000,000","$  132,486",648
94922.0,5.18  kW,$  0,"$  28,556",5
94923.0,5.96  kW,"$  658,400","$  77,305",30
94924.0,11.45  kW,"$  877,400","$  73,621",29
94925.0,10.66  kW,"$  912,800","$  113,279",61
94926.0,3.84  kW,$  0,$  0,15
94928.0,17.3  kW,"$  308,100","$  57,484",246
94929.0,5.09  kW,"$  471,400","$  44,417",4
94930.0,10.73  kW,"$  705,500","$  93,049",58
94931.0,13.82  kW,"$  401,500","$  64,625",48
94933.0,2.76  kW,"$  549,100","$  71,667",5
94937.0,5.83  kW,"$  916,700","$  51,921",20
94938.0,3.77  kW,"$  662,900","$  96,281",5
94939.0,5.66  kW,"$  1,000,000","$  93,750",56
94940.0,5.23  kW,"$  1,000,000","$  28,958",2
94941.0,5.84  kW,"$  1,000,000","$  121,209","1,036"
94942.0,4.14  kW,$  0,$  0,2
94945.0,6.19  kW,"$  627,100","$  83,638",348
94946.0,10.55  kW,"$  1,000,000","$  113,281",18
94947.0,5.73  kW,"$  567,400","$  81,879",133
94948.0,403.56  kW,$  0,$  0,1
94949.0,6.84  kW,"$  543,800","$  74,009",279
94950.0,3.58  kW,"$  760,400","$  21,333",2
94951.0,6.7  kW,"$  781,300","$  93,389",57
94952.0,10.85  kW,"$  563,900","$  75,221","1,295"
94954.0,23.71  kW,"$  420,300","$  81,980",142
94955.0,56.7  kW,$  0,$  0,1
94956.0,5.98  kW,"$  879,900","$  38,750",64
94957.0,12.96  kW,"$  1,000,000","$  187,857",28
94960.0,9.12  kW,"$  899,300","$  108,295",112
94963.0,4.39  kW,"$  897,700","$  79,485",3
94964.0,5.16  kW,$  0,"$  106,333",1
94965.0,5.95  kW,"$  929,600","$  89,715",198
94970.0,5.67  kW,"$  1,000,000","$  107,768",24
94971.0,32.6  kW,"$  718,800","$  42,500",1
94972.0,5.25  kW,$  0,$  0,2
94973.0,4.63  kW,"$  684,500","$  88,750",9
94978.0,2.45  kW,$  0,$  0,1
95001.0,6.93  kW,$  0,$  0,2
95002.0,3.23  kW,"$  421,200","$  73,333",16
95003.0,5.69  kW,"$  653,600","$  83,902",648
95004.0,5.26  kW,"$  409,300","$  67,188",38
95005.0,5.61  kW,"$  531,900","$  69,872",31
95006.0,7.5  kW,"$  438,900","$  75,510",74
95007.0,8.8  kW,"$  552,000","$  149,821",1
95008.0,8.39  kW,"$  674,600","$  88,987",259
95010.0,5.3  kW,"$  488,700","$  55,833",35
95012.0,3.04  kW,"$  244,400","$  52,015",77
95014.0,15.2  kW,"$  1,000,000","$  130,961","1,194"
95015.0,5.06  kW,$  0,$  0,1
95017.0,4.76  kW,"$  608,200","$  67,031",5
95018.0,7.95  kW,"$  454,000","$  72,161",56
95019.0,2.52  kW,"$  298,900","$  38,491",1
95020.0,15.94  kW,"$  485,400","$  82,748",318
95023.0,20.22  kW,"$  353,100","$  69,678",190
95024.0,3.66  kW,$  0,$  0,1
95030.0,6.79  kW,"$  1,000,000","$  154,107",268
95032.0,5.93  kW,"$  1,000,000","$  120,893",248
95033.0,7.9  kW,"$  868,200","$  126,397",125
95035.0,43.38  kW,"$  547,400","$  98,899",166
95037.0,13.74  kW,"$  614,600","$  95,435",528
95041.0,21.86  kW,"$  452,100","$  120,208",3
95043.0,10.1  kW,"$  363,000","$  62,500",15
95045.0,8.19  kW,"$  418,100","$  55,250",40
95046.0,8.02  kW,"$  693,400","$  108,205",63
95050.0,163.65  kW,"$  610,900","$  69,341",3
95051.0,59.84  kW,"$  642,400","$  101,292",1
95054.0,59.83  kW,"$  636,500","$  116,855",2
95060.0,10.7  kW,"$  670,900","$  62,365","1,508"
95062.0,6.31  kW,"$  566,900","$  62,253",218
95063.0,2.96  kW,$  0,$  0,1
95064.0,27.77  kW,"$  350,000","$  60,536",10
95065.0,5.99  kW,"$  657,200","$  86,031",92
95066.0,5.61  kW,"$  645,500","$  108,919",234
95070.0,10.32  kW,"$  1,000,000","$  167,386",506
95073.0,11.06  kW,"$  603,400","$  80,133",114
95075.0,6.16  kW,"$  342,900","$  60,556",7
95076.0,14.11  kW,"$  374,500","$  56,671","1,603"
95101.0,5.49  kW,$  0,$  0,53
95110.0,5.65  kW,"$  407,000","$  68,693",28
95111.0,38.97  kW,"$  341,400","$  57,047",92
95112.0,55.52  kW,"$  432,300","$  49,454",110
95113.0,184.69  kW,"$  644,200","$  61,500",1
95116.0,48.97  kW,"$  335,200","$  47,413",34
95117.0,11.64  kW,"$  639,500","$  67,718",77
95118.0,14.5  kW,"$  625,300","$  90,984",208
95119.0,18.35  kW,"$  532,900","$  103,319",87
95120.0,7.81  kW,"$  941,000","$  152,721",653
95121.0,11.02  kW,"$  462,700","$  85,514",97
95122.0,17.41  kW,"$  347,600","$  57,470",59
95123.0,16.69  kW,"$  531,600","$  90,881",401
95124.0,6.73  kW,"$  690,900","$  106,660",354
95125.0,12.05  kW,"$  744,400","$  102,479",372
95126.0,16.45  kW,"$  587,200","$  72,877",59
95127.0,12.04  kW,"$  434,400","$  70,692",167
95128.0,17.2  kW,"$  586,300","$  70,096",103
95129.0,11.13  kW,"$  908,300","$  107,493",170
95130.0,17.08  kW,"$  714,200","$  98,990",62
95131.0,41.61  kW,"$  544,300","$  108,366",47
95132.0,8.71  kW,"$  582,800","$  98,026",177
95133.0,41.1  kW,"$  456,400","$  72,459",40
95134.0,480.91  kW,"$  168,900","$  114,757",4
95135.0,13.96  kW,"$  771,600","$  128,654",177
95136.0,11.76  kW,"$  524,900","$  87,500",196
95138.0,10.3  kW,"$  719,300","$  145,505",180
95139.0,4.83  kW,"$  537,900","$  98,400",43
95140.0,8.04  kW,"$  1,000,000","$  166,750",18
95141.0,4.89  kW,$  0,$  0,2
95148.0,14.01  kW,"$  600,900","$  107,324",154
95151.0,2.97  kW,$  0,$  0,1
95201.0,8.84  kW,$  0,$  0,6
95202.0,31.56  kW,"$  160,200","$  15,023",6
95203.0,4.65  kW,"$  153,100","$  37,264",20
95204.0,6.28  kW,"$  137,600","$  43,372",38
95205.0,26.84  kW,"$  98,500","$  33,357",10
95206.0,36.44  kW,"$  134,800","$  42,404",64
95207.0,36.74  kW,"$  163,000","$  38,563",114
95209.0,18.37  kW,"$  193,800","$  72,218",172
95210.0,116.57  kW,"$  122,800","$  38,510",18
95212.0,12.99  kW,"$  231,700","$  59,965",237
95215.0,33.78  kW,"$  142,100","$  40,753",112
95219.0,18.91  kW,"$  275,300","$  75,309",170
95220.0,9.9  kW,"$  386,800","$  60,899",77
95221.0,5.24  kW,$  0,$  0,4
95222.0,12.93  kW,"$  268,100","$  51,927",61
95223.0,5.94  kW,"$  317,200","$  62,056",4
95224.0,8.82  kW,"$  220,000","$  20,179",1
95225.0,5.82  kW,"$  165,400","$  19,922",17
95226.0,5.04  kW,$  0,$  0,21
95227.0,11.08  kW,"$  553,300","$  99,167",23
95228.0,7.13  kW,"$  224,000","$  61,250",32
95229.0,4.54  kW,$  0,$  0,4
95230.0,75.12  kW,"$  320,500","$  46,250",5
95231.0,7.76  kW,"$  141,300","$  36,167",4
95232.0,5.47  kW,"$  265,300","$  58,500",4
95236.0,15.04  kW,"$  349,400","$  76,542",31
95237.0,10.56  kW,"$  203,200","$  46,575",19
95240.0,11.92  kW,"$  206,300","$  40,021",66
95242.0,38.01  kW,"$  272,300","$  64,355",29
95245.0,9.68  kW,"$  232,500","$  62,424",18
95246.0,4.74  kW,"$  229,900","$  39,110",64
95247.0,8.33  kW,"$  275,300","$  48,287",48
95248.0,6.15  kW,"$  273,200","$  21,429",15
95249.0,7.37  kW,"$  216,800","$  41,458",14
95251.0,8.47  kW,"$  271,400","$  78,558",6
95252.0,7.44  kW,"$  225,500","$  62,384",156
95254.0,16.56  kW,"$  242,600","$  72,120",19
95255.0,6.42  kW,"$  191,000","$  36,678",6
95258.0,5.73  kW,"$  307,300","$  72,452",10
95301.0,14.72  kW,"$  163,300","$  48,488",166
95303.0,39.16  kW,"$  269,400","$  44,792",10
95304.0,11.47  kW,"$  367,900","$  78,640",286
95306.0,19.17  kW,"$  382,700","$  39,219",20
95310.0,6.45  kW,"$  232,400","$  37,500",6
95311.0,5.35  kW,"$  198,600","$  42,614",5
95312.0,6.08  kW,"$  104,500","$  51,806",2
95316.0,104.25  kW,"$  224,300","$  67,639",6
95317.0,9.68  kW,"$  232,100","$  33,036",4
95318.0,338.45  kW,"$  361,500","$  102,872",2
95320.0,9.14  kW,"$  233,900","$  55,599",64
95321.0,7.21  kW,"$  265,200","$  45,947",14
95322.0,20.06  kW,"$  122,700","$  40,732",28
95325.0,2.82  kW,$  0,$  0,1
95327.0,7.61  kW,"$  177,100","$  44,902",21
95329.0,6.26  kW,"$  214,300","$  58,191",20
95330.0,4.51  kW,"$  197,600","$  63,248",36
95333.0,72.17  kW,"$  157,600","$  42,366",23
95334.0,86.64  kW,"$  177,500","$  50,740",14
95336.0,20.25  kW,"$  199,300","$  56,885",110
95337.0,18.88  kW,"$  251,900","$  66,711",102
95338.0,6.41  kW,"$  237,300","$  47,692",50
95340.0,18.81  kW,"$  167,100","$  49,688",146
95341.0,7.79  kW,"$  108,800","$  32,233",18
95343.0,1122.4  kW,$  0,$  0,1
95345.0,5.25  kW,"$  205,000","$  41,042",1
95346.0,8.28  kW,"$  300,600","$  49,708",2
95347.0,5.67  kW,$  0,$  0,1
95348.0,6.63  kW,"$  157,100","$  40,903",33
95360.0,102.62  kW,"$  140,300","$  42,213",25
95361.0,17.21  kW,"$  259,800","$  57,652",711
95363.0,192.36  kW,"$  167,700","$  53,466",6
95365.0,72.87  kW,"$  102,400","$  32,319",7
95366.0,13.36  kW,"$  321,200","$  75,300",67
95367.0,5.66  kW,"$  176,100","$  59,056",16
95369.0,123.46  kW,"$  255,200","$  48,510",12
95370.0,9.48  kW,"$  270,200","$  48,912",90
95372.0,4.86  kW,"$  227,700","$  79,457",6
95374.0,47.66  kW,"$  299,500","$  44,000",6
95376.0,6.03  kW,"$  231,000","$  62,262",142
95377.0,5.46  kW,"$  310,200","$  96,860",162
95379.0,5.44  kW,"$  247,800","$  54,792",18
95383.0,6.95  kW,"$  304,900","$  42,299",7
95385.0,11.44  kW,"$  120,000","$  37,631",1
95387.0,41.16  kW,"$  375,000","$  28,472",6
95388.0,11.49  kW,"$  114,300","$  42,677",46
95389.0,2.52  kW,"$  277,500","$  45,588",6
95401.0,7.94  kW,"$  327,600","$  52,813",237
95403.0,15.88  kW,"$  352,800","$  63,029",462
95404.0,10.45  kW,"$  492,700","$  67,001",409
95405.0,13.56  kW,"$  425,100","$  72,156",148
95407.0,28.79  kW,"$  287,400","$  53,652",162
95409.0,11.29  kW,"$  432,300","$  65,425",536
95410.0,4.28  kW,"$  384,700","$  37,703",8
95412.0,8.81  kW,"$  477,300","$  51,875",3
95415.0,27.68  kW,"$  349,000","$  34,643",16
95417.0,3.85  kW,"$  262,900","$  71,301",2
95418.0,6.92  kW,$  0,$  0,10
95419.0,4.58  kW,$  0,$  0,2
95420.0,6.27  kW,"$  547,200","$  51,618",5
95421.0,13.4  kW,"$  437,800","$  58,289",6
95422.0,63.7  kW,"$  90,400","$  25,934",31
95423.0,4.22  kW,"$  158,300","$  27,379",57
95425.0,18.89  kW,"$  346,700","$  57,400",270
95426.0,3.84  kW,"$  198,300","$  66,750",4
95428.0,12.61  kW,"$  218,800","$  32,782",4
95429.0,9.51  kW,"$  350,000","$  73,125",2
95432.0,6.74  kW,"$  457,100","$  32,431",2
95436.0,12.39  kW,"$  364,400","$  53,368",45
95437.0,13.71  kW,"$  331,300","$  38,276",469
95439.0,6.15  kW,"$  510,900","$  73,542",9
95441.0,47.48  kW,"$  673,200","$  59,545",33
95442.0,11.89  kW,"$  614,600","$  64,712",92
95444.0,3.72  kW,"$  384,900","$  72,607",4
95445.0,6.2  kW,"$  441,900","$  36,201",48
95446.0,9.42  kW,"$  349,200","$  43,564",44
95448.0,14.13  kW,"$  595,600","$  62,076",145
95449.0,6.12  kW,"$  361,600","$  37,321",19
95450.0,5.33  kW,"$  442,900","$  51,389",16
95451.0,4.95  kW,"$  194,900","$  45,392",55
95452.0,20.48  kW,"$  619,200","$  78,114",43
95453.0,26.05  kW,"$  195,900","$  45,299",86
95454.0,8.86  kW,"$  343,100","$  36,196",24
95456.0,5.99  kW,"$  321,200","$  38,750",6
95457.0,4.47  kW,"$  171,900","$  42,829",11
95458.0,5.01  kW,"$  87,400","$  20,980",9
95459.0,4.4  kW,"$  394,800","$  43,594",8
95460.0,10.79  kW,"$  619,500","$  49,470",24
95461.0,45.08  kW,"$  285,600","$  52,143",87
95462.0,4.26  kW,"$  316,800","$  37,083",21
95463.0,5.49  kW,$  0,$  0,2
95464.0,4.16  kW,"$  161,800","$  26,667",4
95465.0,6.81  kW,"$  600,200","$  68,636",26
95466.0,10.85  kW,"$  511,900","$  50,500",23
95467.0,18.05  kW,"$  189,700","$  65,706",42
95468.0,3.7  kW,"$  386,800","$  44,412",34
95469.0,4.54  kW,"$  460,000","$  49,545",11
95470.0,5.0  kW,"$  329,100","$  58,810",44
95472.0,10.32  kW,"$  615,900","$  68,804","1,050"
95473.0,12.04  kW,$  0,$  0,1
95476.0,16.14  kW,"$  485,600","$  60,100","1,281"
95480.0,6.0  kW,$  0,$  0,6
95482.0,19.52  kW,"$  286,000","$  45,953",69
95485.0,5.3  kW,"$  168,500","$  29,708",28
95488.0,6.03  kW,"$  510,700","$  56,683",6
95490.0,18.97  kW,"$  223,400","$  37,692",38
95492.0,9.39  kW,"$  394,000","$  81,093",203
95493.0,6.84  kW,"$  378,600","$  88,333",3
95494.0,6.68  kW,"$  821,400","$  46,319",3
95497.0,6.12  kW,"$  694,000","$  59,375",51
95501.0,14.95  kW,"$  247,300","$  38,175",18
95503.0,3.54  kW,"$  268,300","$  48,681",22
95518.0,3.36  kW,$  0,$  0,3
95519.0,4.03  kW,"$  301,200","$  50,051",36
95521.0,4.83  kW,"$  329,500","$  32,711",112
95524.0,3.61  kW,"$  428,700","$  69,760",16
95525.0,3.26  kW,"$  305,700","$  48,142",3
95526.0,4.88  kW,"$  210,000","$  21,979",6
95527.0,3.15  kW,"$  275,000","$  34,911",1
95536.0,5.03  kW,"$  351,300","$  50,227",7
95540.0,3.39  kW,"$  260,700","$  42,655",13
95542.0,6.06  kW,"$  364,700","$  35,634",3
95546.0,9.82  kW,"$  115,800","$  26,281",8
95547.0,5.15  kW,"$  316,700","$  56,081",4
95549.0,5.74  kW,"$  461,700","$  56,607",3
95551.0,4.5  kW,"$  247,400","$  45,729",2
95553.0,1.89  kW,"$  387,500","$  41,393",2
95556.0,3.2  kW,"$  206,000","$  48,839",2
95558.0,1.52  kW,"$  373,800","$  36,000",1
95560.0,3.35  kW,"$  292,200","$  29,913",4
95562.0,2.91  kW,"$  213,000","$  40,181",1
95563.0,5.26  kW,"$  295,500","$  40,500",2
95565.0,5.4  kW,"$  225,000","$  54,034",1
95570.0,4.57  kW,"$  366,300","$  50,500",16
95573.0,10.94  kW,"$  237,200","$  35,607",3
95589.0,13.58  kW,"$  305,100","$  43,295",4
95601.0,2.83  kW,"$  143,800","$  43,036",2
95602.0,11.54  kW,"$  367,400","$  63,721",210
95603.0,8.81  kW,"$  327,800","$  56,049","1,295"
95605.0,62.3  kW,"$  159,800","$  38,255",115
95606.0,11.64  kW,$  0,$  0,6
95607.0,6.27  kW,"$  337,200","$  69,702",18
95608.0,6.44  kW,"$  304,200","$  55,256",1
95612.0,51.24  kW,"$  474,400","$  53,194",8
95613.0,7.36  kW,$  0,$  0,1
95614.0,6.66  kW,"$  296,800","$  90,903",74
95616.0,8.23  kW,"$  538,300","$  45,332",355
95618.0,5.47  kW,"$  558,800","$  81,471",552
95619.0,4.55  kW,"$  199,500","$  60,660",20
95620.0,10.14  kW,"$  272,000","$  66,291",250
95623.0,5.63  kW,"$  283,800","$  55,878",72
95626.0,6.35  kW,"$  193,900","$  60,579",9
95627.0,8.18  kW,"$  205,500","$  57,664",24
95629.0,10.48  kW,"$  171,900","$  42,545",13
95631.0,7.03  kW,"$  269,700","$  63,901",88
95632.0,10.46  kW,"$  216,000","$  61,255",4
95633.0,5.29  kW,"$  277,800","$  70,938",14
95634.0,4.77  kW,"$  252,500","$  59,844",55
95635.0,6.41  kW,"$  289,600","$  46,827",6
95636.0,5.18  kW,"$  186,800","$  56,250",2
95637.0,16.48  kW,"$  390,900","$  75,750",4
95640.0,7.27  kW,"$  219,300","$  56,696",152
95641.0,7.61  kW,"$  162,500","$  38,750",24
95642.0,20.08  kW,"$  282,900","$  43,981",42
95645.0,435.28  kW,"$  171,900","$  42,576",4
95648.0,5.84  kW,"$  333,700","$  70,820",701
95650.0,9.29  kW,"$  407,600","$  84,133",227
95651.0,5.32  kW,"$  422,100","$  65,114",6
95653.0,7.62  kW,"$  198,700","$  55,000",8
95656.0,4.91  kW,$  0,$  0,6
95658.0,9.02  kW,"$  397,500","$  63,604",111
95659.0,7.03  kW,"$  290,000","$  54,444",40
95661.0,13.51  kW,"$  333,200","$  72,459",6
95662.0,8.52  kW,"$  262,900","$  65,122",2
95663.0,7.14  kW,"$  416,800","$  124,375",70
95664.0,6.53  kW,"$  372,300","$  79,327",22
95665.0,7.99  kW,"$  239,700","$  48,940",22
95666.0,8.45  kW,"$  222,400","$  53,281",22
95667.0,7.47  kW,"$  313,100","$  55,710","2,230"
95668.0,32.74  kW,"$  239,200","$  65,938",40
95669.0,8.59  kW,"$  298,000","$  64,479",41
95672.0,6.52  kW,"$  399,400","$  92,464",75
95674.0,9.07  kW,"$  361,800","$  74,583",12
95675.0,5.24  kW,"$  34,400","$  48,285",8
95676.0,11.22  kW,$  0,$  0,1
95677.0,10.12  kW,"$  298,600","$  69,583",510
95678.0,11.86  kW,"$  269,200","$  62,969",1
95679.0,5.01  kW,$  0,"$  14,073",1
95680.0,833.32  kW,$  0,$  0,1
95681.0,5.48  kW,"$  271,900","$  44,464",5
95682.0,8.48  kW,"$  374,300","$  77,416","1,360"
95684.0,9.16  kW,"$  245,900","$  52,292",84
95685.0,8.07  kW,"$  352,200","$  60,648",72
95686.0,595.62  kW,"$  144,300","$  31,438",1
95687.0,14.39  kW,"$  256,900","$  73,684",231
95688.0,12.8  kW,"$  357,800","$  81,860",536
95689.0,5.7  kW,"$  328,200","$  56,875",6
95690.0,8.8  kW,"$  359,300","$  56,101",72
95691.0,19.81  kW,"$  260,000","$  65,769",316
95692.0,7.19  kW,"$  174,000","$  62,043",43
95694.0,11.74  kW,"$  289,300","$  58,517",81
95695.0,24.19  kW,"$  272,000","$  52,274",220
95696.0,9.45  kW,$  0,$  0,1
95697.0,6.1  kW,"$  157,400","$  75,714",4
95698.0,6.73  kW,"$  360,000","$  45,769",4
95699.0,4.95  kW,"$  405,600","$  77,188",4
95703.0,5.62  kW,"$  318,200","$  69,750",30
95709.0,8.13  kW,"$  296,900","$  70,417",80
95713.0,6.8  kW,"$  282,600","$  60,720",378
95714.0,3.98  kW,"$  287,500","$  54,327",2
95717.0,5.74  kW,"$  289,500","$  39,167",2
95722.0,6.24  kW,"$  361,600","$  76,389",44
95726.0,3.89  kW,"$  227,400","$  55,996",27
95746.0,10.03  kW,"$  599,800","$  118,919",648
95747.0,8.35  kW,"$  343,500","$  92,678",35
95762.0,8.13  kW,"$  477,200","$  117,700","1,947"
95765.0,8.36  kW,"$  356,900","$  87,100",447
95776.0,39.43  kW,"$  257,400","$  63,750",92
95833.0,5.7  kW,"$  171,400","$  55,827",1
95837.0,3.22  kW,"$  337,500","$  110,236",1
95901.0,43.63  kW,"$  162,700","$  42,319",510
95912.0,82.65  kW,"$  252,400","$  50,764",48
95913.0,6.48  kW,$  0,$  0,1
95914.0,6.4  kW,"$  176,000","$  25,200",13
95915.0,4.76  kW,$  0,"$  10,481",20
95916.0,3.85  kW,"$  167,200","$  38,636",10
95917.0,95.46  kW,"$  150,200","$  44,500",15
95918.0,6.7  kW,"$  344,300","$  77,583",36
95919.0,5.01  kW,"$  161,700","$  45,871",3
95920.0,16.36  kW,"$  360,900","$  71,063",10
95926.0,14.61  kW,"$  267,100","$  37,296",178
95927.0,4.11  kW,$  0,$  0,2
95928.0,23.76  kW,"$  302,300","$  45,906","1,004"
95932.0,29.01  kW,"$  168,500","$  46,453",37
95934.0,4.05  kW,"$  211,000","$  31,892",4
95935.0,4.74  kW,"$  214,100","$  37,461",2
95937.0,5.52  kW,"$  80,000","$  56,394",9
95938.0,15.36  kW,"$  373,000","$  60,750",49
95939.0,14.72  kW,"$  146,400","$  29,063",2
95942.0,6.87  kW,"$  302,900","$  41,888",20
95943.0,14.41  kW,"$  340,500","$  51,908",99
95945.0,7.4  kW,"$  311,100","$  42,778","2,067"
95946.0,6.45  kW,"$  327,200","$  62,180",270
95947.0,4.89  kW,"$  165,300","$  34,500",8
95948.0,18.75  kW,"$  172,000","$  44,423",69
95949.0,6.04  kW,"$  323,000","$  60,459",190
95950.0,8.0  kW,"$  111,400","$  42,273",1
95951.0,5.11  kW,"$  168,300","$  37,500",46
95953.0,39.77  kW,"$  159,100","$  46,392",60
95954.0,5.02  kW,"$  153,600","$  40,545",12
95955.0,130.64  kW,"$  152,300","$  47,031",11
95956.0,2.7  kW,"$  200,000","$  56,923",2
95957.0,7.83  kW,"$  197,100","$  58,438",10
95958.0,209.93  kW,$  0,$  0,10
95959.0,6.51  kW,"$  385,800","$  58,913",855
95960.0,4.12  kW,"$  168,000","$  29,250",12
95961.0,20.26  kW,"$  163,400","$  46,441",296
95962.0,5.51  kW,"$  274,300","$  59,832",34
95963.0,7.14  kW,"$  224,100","$  39,485",176
95965.0,38.57  kW,"$  151,300","$  35,220","1,972"
95966.0,7.05  kW,"$  159,100","$  40,775",115
95967.0,5.59  kW,$  0,$  0,3
95968.0,7.49  kW,"$  90,000","$  33,100",3
95969.0,12.87  kW,"$  204,800","$  41,982",53
95970.0,12.03  kW,"$  201,100","$  57,639",10
95971.0,7.31  kW,"$  228,300","$  51,869",102
95973.0,8.05  kW,"$  267,700","$  56,541","1,408"
95974.0,52.39  kW,$  0,$  0,14
95975.0,5.65  kW,"$  290,800","$  57,969",48
95977.0,6.13  kW,"$  240,000","$  48,500",80
95982.0,7.29  kW,"$  189,000","$  63,816",21
95983.0,4.2  kW,"$  144,900","$  26,250",4
95984.0,4.44  kW,$  0,$  0,4
95987.0,125.23  kW,"$  164,800","$  55,355",54
95988.0,20.11  kW,"$  209,900","$  48,443",142
95991.0,22.52  kW,"$  161,600","$  43,165",206
95993.0,10.74  kW,"$  226,900","$  64,034",196
96001.0,11.21  kW,"$  247,600","$  46,422",148
96002.0,9.71  kW,"$  210,200","$  43,657",32
96003.0,8.17  kW,"$  224,200","$  46,497",113
96007.0,5.84  kW,"$  175,700","$  38,907",130
96008.0,6.22  kW,"$  215,500","$  53,419",7
96009.0,7.92  kW,"$  205,200","$  56,563",1
96013.0,12.84  kW,"$  135,200","$  38,089",8
96016.0,6.9  kW,"$  225,400","$  49,732",1
96019.0,5.55  kW,"$  160,000","$  40,455",6
96021.0,32.6  kW,"$  140,800","$  39,756",51
96022.0,6.93  kW,"$  226,200","$  52,154",61
96028.0,4.8  kW,"$  226,600","$  40,781",16
96029.0,2.45  kW,"$  282,100","$  54,688",2
96035.0,30.7  kW,"$  158,500","$  44,028",21
96040.0,10.6  kW,"$  371,400","$  36,429",2
96047.0,9.5  kW,"$  205,400","$  25,662",8
96049.0,1174.08  kW,"$  22,500","$  12,404",1
96051.0,4.9  kW,"$  235,400","$  45,268",6
96055.0,15.43  kW,"$  158,100","$  40,747",15
96056.0,27.49  kW,"$  193,000","$  44,348",33
96059.0,6.44  kW,"$  200,700","$  36,447",5
96062.0,7.24  kW,"$  292,900","$  61,488",21
96063.0,17.57  kW,"$  152,500","$  52,500",4
96065.0,5.04  kW,"$  371,400","$  36,875",4
96069.0,7.21  kW,"$  209,100","$  36,310",8
96073.0,10.54  kW,"$  347,100","$  81,328",61
96074.0,2.0  kW,"$  112,500","$  31,250",1
96076.0,2.04  kW,"$  295,800","$  41,042",2
96078.0,2.73  kW,$  0,$  0,1
96080.0,17.08  kW,"$  170,400","$  39,288",274
96084.0,29.81  kW,"$  178,100","$  42,619",2
96087.0,5.01  kW,"$  208,300","$  27,727",5
96088.0,9.69  kW,"$  210,500","$  47,440",56
96092.0,9.51  kW,"$  203,900","$  39,013",4
96096.0,6.1  kW,"$  263,300","$  58,889",8
96137.0,6.06  kW,"$  245,200","$  48,950",12
96158.0,22.68  kW,$  0,$  0,3
96608.0,2.26  kW,$  0,$  0,1
98027.0,529.2  kW,"$  489,300","$  102,760",3
98665.0,12.1  kW,"$  213,700","$  50,305",1
